Country_Name,Country_Code,pop_1990,emissions_90,pop_1991,emissions_91,pop_1992,emissions_92,pop_1993,emissions_93,pop_1994,emissions_94,pop_1995,emissions_95,pop_1996,emissions_96,pop_1997,emissions_97,pop_1998,emissions_98,pop_1999,emissions_99,pop_2000,emissions_00,pop_2001,emissions_01,pop_2002,emissions_02,pop_2003,emissions_03,pop_2004,emissions_04,pop_2005,emissions_05,pop_2006,emissions_06,pop_2007,emissions_07,pop_2008,emissions_08,pop_2009,emissions_09,pop_2010,emissions_10,pop_2011,emissions_11,pop_2012,emissions_12
Aruba,ABW,62149,15.1768,64622,15.486,68235,15.898,72504,16.3861,76700,16.8768,80324,17.2964,83200,16.964,85451,21.5183,87277,17.3478,89005,17.5546,90853,18.0514,92898,18.4167,94992,18.9009,97017,19.3188,98737,19.803,100031,20.1826,100832,20.6759,101220,21.2466,101353,21.7437,101453,22.2462,101669,22.7407,102053,22.968107,102577,23.195514
Afghanistan,AFG,12249114,7627.58,12993657,7702.08,13981231,7385.53,15095099,7474.89,16172719,7666.93,17099541,7885.84,17822884,8611.68,18381605,9213.6,18863999,9700.17,19403676,10305.9,20093756,9384.18,20966463,8666.5,21979923,9929.43,23064851,10350.6,24118979,10521.4,25070798,10698.7,25893450,10869.9,26616792,11049.7,27294031,11224.4,28004331,11497.3,28803167,13493.3,29708599,13628.233,30696958,13763.166
Angola,AGO,12171441,22056.4,12553446,19167.4,12968345,28287.5,13403734,17547.5,13841301,19810,14268994,21420.5,14682284,20902.9,15088981,15071,15504318,16087,15949766,16092,16440924,15758.3,16983266,15496.9,17572649,15694.8,18203369,15589.8,18865716,15809,19552542,16358.6,20262399,16603.7,20997687,16551,21759420,17292.6,22549547,17997.9,23369131,18602.4,24218565,18788.424,25096150,18974.448
Albania,ALB,3286542,2546.96,3266790,2397.49,3247039,2268.97,3227287,2344.4,3207536,2783.96,3187784,2768.73,3168033,2618.41,3148281,2458.46,3128530,2371.49,3108778,2356.87,3089027,2608.8,3060173,2345.23,3051010,2333.22,3039616,2473.19,3026939,2470.02,3011487,2477.05,2992547,2485.28,2970017,2505.74,2947314,2516.63,2927519,2475.2,2913021,2592.37,2905195,2618.2937,2900401,2644.2174
"Arab World",ARB,224735446,251115.979,230829868,242115.094,235037179,258960.248,241286091,265432.045,247435930,273682.587,255029671,284590.375,260843462,292685.001,266575075,305629.756,272235146,312192.254,277962869,324941.756,283832016,338834.635,289850357,338279.927,296026575,346077.394,302434519,360946.249,309162029,372186.321,316264728,390212.534,323773264,416619.453,331653797,458840.654,339825483,448371.814,348145094,450868.358,356508908,460215.961,364895878,465511.697,373306993,470807.423
"United Arab Emirates",ARE,1860174,13606,1970026,14654.3,2086639,15097.3,2207405,14840.7,2328686,15746.5,2448820,17009.1,2571020,18626.2,2700010,18717.4,2838145,18896.1,2988162,18716.3,3154925,20332.7,3326032,19986.8,3507232,20738.6,3741932,21960.5,4087931,22552,4579562,22769.4,5242032,23928.4,6044067,24537.1,6894278,24457.4,7666393,25047,8270684,25607.4,8672475,25863.474,8900453,26119.548
Argentina,ARG,32729739,102083,33193918,100648,33655151,102146,34110917,101568,34558115,101069,34994814,102195,35419682,101400,35833969,102577,36241590,100269,36648068,98301.3,37057452,99214.1,37471509,98515.1,37889370,95893.3,38309379,101066,38728696,101501,39145488,100126,39558890,100025,39970224,97783.6,40382389,97896.6,40799407,93113.2,41223889,86741.6,41656879,87609.016,42096739,88476.432
Armenia,ARM,3538165,2889.7,3505251,2745.41,3442810,2605.21,3363098,2400.96,3283660,2537.16,3217342,2427.42,3168215,2561.53,3133086,2613.39,3108684,2552.16,3089017,2619.24,3069588,2565.36,3050655,2533.7,3033897,2604.24,3017806,2712.88,3000612,2826.69,2981259,2960.23,2958500,3084.15,2933056,3105.73,2908220,3234.91,2888584,3250.45,2877311,3328.72,2875581,3377.204507,2881922,3425.678014
"American Samoa",ASM,47038,8.84112,48375,9.11689,49593,9.35997,50720,9.58111,51803,9.77834,52868,9.95821,53929,10.1199,54941,10.2618,55901,10.3686,56770,10.4723,57521,10.5692,58175,10.6934,58731,10.8147,59117,10.9261,59264,11.0623,59118,11.216,58650,11.3831,57903,11.663,57030,12.0323,56227,12.4112,55637,12.858,55320,12.98658,55230,13.11516
"Antigua and Barbuda",ATG,66696,35.5108,67307,35.7635,68427,36.0069,69938,36.4707,71719,37.0902,73619,37.4865,75628,37.1301,77739,36.9801,79851,36.7529,81831,36.6888,83584,36.6767,85057,37.488,86266,38.0691,87293,38.6174,88257,39.402,89253,39.6399,90301,40.1914,91381,40.713,92478,41.3407,93581,41.8852,94661,42.4249,95719,42.849149,96777,43.273398
Australia,AUS,17065100,115150,17284000,120601,17495000,116503,17667000,112836,17855000,123283,18072000,112637,18311000,113515,18517000,118625,18711000,116914,18926000,121783,19153000,128133,19413000,136147,19651400,132305,19895400,125529,20127400,126732,20394800,122172,20697900,119085,20827600,135612,21249200,122245,21691700,127532,22031750,122574,22340024,124100.3418,22742475,125588.1936
Austria,AUT,7677850,10029.3,7754891,10039.8,7840709,9884.56,7905633,9936.15,7936118,9627.2,7948278,9560.78,7959017,9454.04,7968041,9247.57,7976789,9154.76,7992324,9106.53,8011566,8984.8,8042293,8892.31,8081957,8792.2,8121423,8704.1,8171966,8571.02,8227829,8456.51,8268641,8432.23,8295487,8384.12,8321496,8304.94,8343323,8266.99,8363404,8391.49,8391643,8137.708272,8429991,8006.813544
Azerbaijan,AZE,7159000,11458.5,7271000,11045.7,7382000,10495.1,7495000,9898.54,7597000,9473.4,7685000,9117.49,7763000,8898.35,7838250,8875.62,7913000,9117.41,7982750,9700.05,8048600,9954.63,8111200,10274.2,8171950,10584.2,8234100,11059.9,8306500,11330.6,8391850,12102.3,8484550,13077.1,8581300,14806.8,8763400,16945.9,8947243,17922.2,9054332,18400.5,9173082,19177.90777,9295784,19955.36354
Burundi,BDI,5415415,1716.43,5542048,1748.87,5661139,1793.64,5771398,1844.03,5871607,1855.69,5962058,1847.7,6041112,1897.05,6112097,1921.63,6186352,1968.26,6278940,1496.81,6400706,1504.84,6555829,2089.83,6741569,2130.5,6953113,2133.74,7182451,2231.44,7423289,2279.68,7675338,2353.09,7939573,2413.61,8212264,2482.8,8489031,2587.94,8766930,2665.55,9043508,2692.2055,9319710,2718.861
Belgium,BEL,9967379,12445,10004486,12512,10045158,12297.8,10084475,12053.3,10115603,12007,10136811,12157.7,10156637,11715.8,10181245,11367.9,10203008,11113.1,10226419,11322.7,10251250,11079,10286570,10709.9,10332785,10250.1,10376133,9916.4,10421137,9906.04,10478617,9623.69,10547958,9584.15,10625700,9547.3,10709973,9537.89,10796493,9586.1,10895586,9632.35,11047744,9414.724963,11128246,9243.348927
Benin,BEN,4978496,5119.5,5149499,4131.13,5331803,4779.61,5521763,4489.97,5714220,4604.69,5905558,4947.61,6094259,4930.25,6281639,5039.62,6470265,4245.88,6664098,4658.25,6865951,4503.77,7076733,4433.23,7295394,4994.05,7520555,4124.69,7750004,4369.94,7982225,4377.31,8216896,4526.1,8454791,5598.09,8696916,7086.59,8944706,7181.71,9199259,6845.63,9460802,6914.0863,9729160,6982.5426
"Burkina Faso",BFA,8811034,7238.16,9050084,7141.1,9297113,7577.76,9552476,7730.34,9816588,8009.29,10089878,8432.06,10372745,8680.18,10665546,9006.01,10968724,9210.4,11282701,8627.91,11607942,9039.73,11944587,10043.7,12293100,10031.4,12654621,10453.4,13030569,11059.7,13421930,11746.2,13829177,12228.7,14252021,13396.2,14689726,13564,15141099,14147.2,15605217,14663.9,16081904,14810.539,16571216,14957.178
Bangladesh,BGD,106188642,87092.7,108727432,85947.7,111221938,86069.7,113695139,84822.6,116182267,84986,118706871,85432.8,121269645,86646.3,123854640,87234,126447965,85824.8,129029691,89556.1,131581243,89247.2,134107160,90645.8,136600667,92039.3,139019001,92994.3,141307489,91778.3,143431101,94197.9,145368004,95019.6,147139191,96499.6,148805814,97832.1,150454708,99687.7,152149102,103080,153911916,104110.8,155727053,105141.6
Bulgaria,BGR,8718289,15675.5,8632367,15096.2,8540164,14847.6,8472313,14039,8443591,13612.6,8406067,13564.6,8362826,13735.8,8312068,13552.9,8256786,13685.2,8210624,13626.7,8170172,13783.3,8009142,13442.5,7837161,13037.5,7775327,13144.4,7716860,13134.3,7658972,12778.3,7601022,12652.3,7545338,12461.8,7492561,12280.2,7444443,11969.9,7395599,12010.7,7348328,11881.80074,7305888,11793.66449
Bahrain,BHR,495931,1800.13,509765,1641.38,523087,1798.6,536213,1932.96,549588,1938.74,563699,1951.66,578668,2074.81,594930,2184.4,613702,2302.05,636545,2343.82,664614,2382.55,697549,2457.67,735148,2568.28,778711,2627.62,829848,2690.75,889168,2779.46,958414,2925.18,1035891,3058.41,1114590,3195.54,1185029,3239.22,1240862,3312.28,1278269,3345.4028,1300217,3378.5256
"Bahamas, The",BHS,256336,141.46,261116,145.567,266134,148.491,271165,151.936,275895,156.015,280150,160.252,283790,164.748,286970,166.832,290060,168.87,293572,171.277,297890,174.776,303135,179.165,309157,182.339,315746,186.35,322526,191.765,329249,196.505,335830,201,342328,206.223,348676,211.842,354856,216.937,360832,222.181,366568,224.40281,372039,226.62462
"Bosnia and Herzegovina",BIH,4463422,4589.45,4371603,4250.82,4239154,3714.74,4087999,3410.67,3948816,1748.27,3843712,1663.95,3780378,1445.33,3752431,1888.93,3750485,2193.35,3759118,2253.68,3766706,2671.65,3771284,2216.68,3775807,2286,3779247,2635.67,3781287,2580.15,3781530,2665.65,3779468,2801.77,3774000,2944.54,3763599,3037.43,3746561,3090.91,3722084,3078.6,3688865,3109.386,3648200,3140.172
Belarus,BLR,10189000,18649.3,10194000,18044.2,10216000,17377.9,10239000,16563.1,10227000,15777.4,10194000,14837.1,10160000,14268.2,10117000,13965.1,10069000,14006.7,10026738,13819.6,9979610,13322.3,9928549,13379.9,9865548,13442.4,9796749,13221.3,9730146,13458.6,9663915,14045.8,9604924,14442.3,9560953,14870.9,9527985,15344,9506765,15913.6,9490583,16437.5,9473172,16528.60066,9464495,16619.66131
Belize,BLZ,187552,169.855,191126,181.809,194317,182.77,197616,179.955,201674,181.384,206963,160.494,213676,167.411,221606,162.969,230284,158.402,239026,168.345,247315,166.999,254984,165.936,262206,173.831,269130,183.814,276089,178.063,283277,187.507,290747,189.883,298407,191.835,306165,193.103,313929,206.72,321608,224.011,329192,226.25111,336701,228.49122
Bermuda,BMU,59326,24.0812,59021,24.2707,58595,24.2345,58910,24.4629,59320,24.8384,59746,25.1052,60129,25.3665,60497,25.3834,60943,25.6326,61285,26.0423,61833,26.5171,62504,26.8384,62912,27.2319,63325,27.5822,63740,27.9943,64154,28.3213,64523,28.7162,64888,28.9614,65273,29.4193,65636,29.879,65124,30.3529,64564,30.656429,64798,30.959958
Bolivia,BOL,6856244,22435.9,6992521,21403.2,7131707,23062.2,7273825,25269.1,7418861,19438.4,7566714,20551.2,7717443,21495.6,7870855,22156.9,8026254,19195,8182712,37456.8,8339512,19765.7,8496375,19566.8,8653345,23336.2,8810420,19758.9,8967741,55862.7,9125409,29842.8,9283334,19181,9441444,19943.6,9599855,21016.2,9758748,21009,9918242,22775.9,10078343,23003.659,10239004,23231.418
Brazil,BRA,149352145,319678,151976577,324383,154564278,340142,157132682,356615,159705123,334732,162296612,355036,164913306,350573,167545164,354875,170170640,376882,172759243,361634,175287587,343027,177750670,367626,180151021,388268,182482149,419110,184738458,459552,186917361,492336,189012412,407314,191026637,412677,192979029,421460,194895996,421609,196796269,443289,198686688,469456.4973,200560983,477076.7946
Barbados,BRB,260374,128.619,261275,126.948,262184,125.88,263089,123.372,264015,123.58,264959,123.837,265942,124.024,266945,111.406,267950,113.956,268922,117.105,269847,121.071,270685,106.719,271478,105.882,272258,104.898,273091,99.5031,274009,103.249,275039,101.042,276150,103.08,277319,103.598,278470,105.803,279569,107.243,280601,108.31543,281585,109.38786
"Brunei Darussalam",BRN,258785,3611.25,266274,3695.32,273963,4173.59,281751,3855.17,289525,3829.26,297192,4191.14,304699,3898.59,312038,3914,319222,7163.45,326289,3964.27,333241,3881.73,340117,4047.02,346867,4015.77,353389,4266.33,359523,4135.8,365158,4570.73,370250,4499.68,374864,4333.04,379252,4652.14,383772,4429.97,388662,4450.36,394013,4494.8636,399748,4539.3672
Bhutan,BTN,537280,918.942,537284,910.801,531525,1195.84,523117,1192.97,516503,1190.05,514877,1154.71,519282,1154.01,528754,1056.38,542155,1070.87,557543,1247.89,573416,1032.4,589600,948.136,606399,1010.49,623434,912.517,640282,1016.32,656639,1033.11,672228,1256.19,686958,1118.85,700950,1203.31,714458,1358.17,727641,1734.98,740510,1752.3298,752967,1769.6796
Botswana,BWA,1377912,6074.01,1416731,4876.54,1455833,6693.47,1494693,4024.46,1532622,4836.68,1569094,5429.5,1604060,4568.76,1637635,4458,1669625,3974.15,1699862,4125.6,1728340,3941.21,1754935,5161.82,1779953,5879.15,1804339,4367.6,1829330,4429.64,1855852,4657.86,1884238,3850.23,1914414,3936.47,1946351,3875.37,1979882,4163.79,2014866,4360.95,2051339,4404.5595,2089315,4448.169
"Central African Republic",CAF,2939780,42252.8,3014624,28539.5,3095807,36670.8,3181222,32322.8,3267670,31685.4,3352767,37658.1,3435821,36284.9,3517309,37143.3,3597385,22640.2,3676508,24269.5,3754986,26663.3,3832203,36482.5,3907612,23758.8,3981665,26071.8,4055036,24080.1,4127910,25739.8,4201758,91775.7,4275800,147533,4345386,97375.6,4404230,73694.5,4448525,83996.9,4476153,84836.869,4490416,85676.838
Canada,CAN,27791000,77163.5,28171682,81474,28519597,83400.6,28833410,89389.9,29111906,104467,29354000,109622,29671900,97909.6,29987200,98142.2,30247900,114948,30499200,104782,30769700,102170,31081900,103053,31362000,106819,31676000,111137,31995000,114500,32312000,108519,32570505,107954,32887928,107975,33245773,107850,33628571,103829,34005274,104529,34342780,105687.6622,34750545,106846.7743
"Central Europe and the Baltics",CEB,110745760,219136.3,110290445,206963.66,110005636,195500.8,110081461,174946.17,110019570,172357.79,109913216,167558.99,109563097,165075.77,109459093,162257.35,109207205,151473.77,109102354,146705.22,108405522,154148.33,107800399,153062.77,107097577,152351.85,106760768,153352.34,106466116,151905.42,106173766,151229.7,105901322,151176.18,105504531,148084.54,105126686,146188.95,104924372,145118.9,104543801,145439.98,104174038,144277.2938,103935318,143435.7885
Switzerland,CHE,6715519,5907.07,6799978,5865.67,6875364,5749.27,6938265,5666.06,6993795,5695.96,7040687,5613.28,7071850,5576.61,7088906,5386.85,7110001,5328.37,7143991,5155.53,7184250,5126.48,7229854,5150.73,7284753,5084.65,7339001,4975.49,7389625,4977.71,7437115,4954.17,7483934,4945.07,7551117,4953.02,7647675,4946.62,7743831,4897.93,7824909,4992.3,7912398,4902.809877,7996861,4900.250754
Chile,CHL,13242132,11988.5,13457244,12149.8,13671033,12505.3,13882668,13353.4,14091389,13968.5,14296613,14502,14497826,15107.4,14694835,15788.5,14887756,15907.9,15076952,16781.9,15262754,16928.8,15444969,17474.7,15623635,17621.8,15799542,17592.6,15973778,17745.3,16147064,18196.6,16319792,18389.4,16491687,17972.4,16661942,17995,16829442,18106.9,16993354,18020.1,17153357,18200.301,17309746,18380.502
China,CHN,1135185000,1016910,1150780000,1013520,1164970000,1010330,1178440000,1002980,1191835000,1020310,1204855000,1075420,1217550000,1093470,1230075000,1066800,1241935000,1060240,1252735000,1055950,1262645000,1043400,1271850000,1051690,1280400000,1085790,1288400000,1146530,1296075000,1251300,1303720000,1327790,1311020000,1392640,1317885000,1444170,1324655000,1537220,1331260000,1582750,1337705000,1642260,1344130000,1697274.47,1350695000,1752290.14
"Cote d'Ivoire",CIV,12267754,12146.2,12710008,9723.42,13163019,11411.8,13622731,10598.3,14083611,10766,14540820,12079.7,14995249,11969.2,15445986,12334.1,15884552,12005.4,16300233,10615.9,16686561,14236.9,17040152,13551.2,17366517,13371.7,17679355,10335.6,17997738,10706.8,18336303,12474.4,18699435,13177.9,19085941,13617.4,19497986,14488.5,19936366,14957.3,20401331,15946.7,20895311,16106.167,21418603,16265.634
Cameroon,CMR,11715218,15980.2,12060729,13669.7,12408931,15115.7,12758881,14641.7,13109660,13388.8,13460994,14466.4,13812472,14437.5,14165423,14660.8,14523570,12960.5,14891891,13175.4,15274234,15842.9,15671927,16304.4,16084886,13538.7,16513822,13444,16959081,13852.6,17420795,13699.5,17899562,15852.3,18395389,23834.6,18907008,19927.3,19432541,19356.5,19970495,18153.3,20520447,18334.833,21082383,18516.366
"Congo, Dem. Rep.",COD,34614581,98339.5,35914825,73467,37346147,142818,38833595,59421.6,40273701,78285.6,41595744,81608,42770544,63261.3,43830146,58314.7,44840529,66608,45898667,50887.2,47076387,63695.2,48394338,58373.7,49835756,65881.7,51390033,52897.5,53034217,63674.2,54751476,57684.8,56543011,95370.3,58417562,189678,60373608,69445.7,62409435,69790.8,64523263,73858.9,66713597,74597.489,68978682,75336.078
"Congo, Rep.",COG,2440457,7194.2,2507772,6184.21,2577035,8773.24,2648507,5686.06,2722497,6307.16,2799255,6688.78,2879222,6418.21,2962470,6504.94,3048453,6793.18,3136344,6206.47,3225727,8049.6,3315806,9139.07,3407180,6029.82,3502519,6569.63,3605439,7337.06,3718243,7691.02,3842365,6577.9,3976246,8726.67,4115435,6662.52,4253712,7632.76,4386693,7015.87,4512730,7086.0287,4633363,7156.1874
Colombia,COL,34271565,50252.4,34916766,49461.3,35558682,50728.2,36195168,52097.2,36823537,50995.5,37441977,52588.7,38049038,53947,38645411,54285.8,39234062,54309.2,39819279,52083.4,40403958,55118.5,40988909,54537.8,41572491,55418.2,42152151,56243.4,42724163,57499.5,43285634,57745.4,43835722,59691.2,44374572,61599.7,44901544,63054,45416181,67210,45918097,66646,46406646,67312.46,46881475,67978.92
Comoros,COM,411594,181.068,423872,184.723,436448,189.467,449274,193.352,462277,198.379,475394,203.41,488627,208.382,501953,212.202,515385,218.516,528848,225.634,542357,223.896,555888,231.328,569479,237.322,583211,235.417,597228,240.104,611627,245.037,626425,251.857,641620,255.213,657229,260.502,673252,276.714,689692,278.231,706569,281.01331,723868,283.79562
"Cabo Verde",CPV,341883,83.2303,349934,86.7776,359090,96.8397,369014,99.3156,379156,95.4609,389127,103.164,398773,96.5254,408175,101.509,417323,108.039,426285,110.689,435079,110.729,443716,114.009,452106,116.837,460147,121.228,467664,125.179,474567,128.311,480795,131.823,486438,135.212,491723,138.742,496963,143.475,502384,148.516,508067,150.00116,513979,151.48632
"Costa Rica",CRI,3095995,3768.53,3175649,3757.12,3257466,3725.6,3341004,3612.41,3425690,3343.05,3510926,3051.81,3596732,3049.7,3682725,2982.19,3767373,3048.23,3848723,2951.05,3925443,2916.91,3996798,2848.72,4063204,2767.41,4125971,2729.54,4187038,2682.46,4247841,2434.86,4308794,2344.76,4369469,2254.63,4429508,2167.74,4488263,2249.18,4545280,2269.13,4600474,2291.8213,4654122,2314.5126
"Caribbean small states",CSS,6021614,7145.5093,6070204,7434.3391,6124265,7866.7388,6181538,7921.4671,6238576,7569.4289,6292827,7751.4246,6343683,8221.1591,6392040,8140.7765,6438587,11051.6223,6484510,8702.5078,6530691,9304.4753,6577216,9937.2049,6623792,10765.559,6670276,13202.628,6716373,14449.135,6761932,15091.9988,6806838,16792.3363,6851221,17385.5448,6895315,17577.2744,6939534,31138.8602,6984096,19350.1247,7029022,19543.62595,7074129,19737.12719
Cuba,CUB,10582081,12062.1,10663585,11973.6,10733363,11676.1,10794135,10526.2,10850585,10974.8,10906043,10418.5,10961012,11183.7,11013983,10960.8,11064097,10597.6,11110004,10507.8,11150736,10561,11186542,10205,11217998,10516.8,11244885,10161.6,11266941,9916.92,11284253,9274.16,11296233,8880.39,11303687,8605.03,11309754,8411.36,11318602,8564.51,11333051,8392.08,11354651,8476.0008,11382146,8559.9216
"Cayman Islands",CYM,25010,17.5904,26213,17.7291,27404,18.2246,28646,18.658,30055,19.3206,31672,19.8684,33536,20.3431,35597,20.6478,37740,21.1306,39808,21.7186,41687,22.2267,43316,22.6983,44738,23.1942,46028,23.6308,47299,24.1004,48622,24.5612,50031,25.1067,51483,25.8743,52926,26.7298,54279,27.2527,55507,28.1596,56579,28.441196,57523,28.722792
Cyprus,CYP,766614,440.832,783129,456.949,800609,466.188,818751,484.35,837110,516.362,855384,523.483,873423,539.594,891192,553.73,908704,561.923,926050,563.91,943286,568.197,960282,584.682,976966,611.301,993563,626.972,1010410,624.11,1027658,617.519,1045509,615.024,1063712,615.067,1081563,613.006,1098076,620.403,1112607,620.073,1124835,631.4062116,1135062,642.4094232
"Czech Republic",CZE,10333355,18247.2,10308578,17039.2,10319123,15040.8,10329855,13458.3,10333587,12315.5,10327253,11643.6,10315241,12822.7,10304131,12637.7,10294373,11965.5,10283860,11590.4,10255063,12956.9,10216605,12952.2,10196916,12555.4,10193998,12443.7,10197101,12352.3,10211216,12053.9,10238905,12005.9,10298828,12055.6,10384603,11869.2,10443936,11774.6,10474410,12033.4,10496088,11838.24326,10510785,11901.93351
Germany,DEU,79433029,115486,80013896,109165,80624598,102501,81156363,97864.8,81438348,94533.2,81678051,92567.9,81914831,89067.1,82034771,86764,82047195,83020.1,82100243,80165.7,82211508,76208.1,82349925,72517,82488495,68773.2,82534176,66316.7,82516260,63719.1,82469422,61764,82376451,60063.7,82266372,59594.5,82110097,57668.8,81902307,58669.3,81776930,57229.7,80274983,57212.63424,80425823,55720.81848
Djibouti,DJI,590398,417.598,606844,426.421,615054,432.697,618495,444.674,622366,461.055,630388,489.385,643682,510.57,660953,520.461,680612,533.015,700099,553.419,717584,560.647,732711,568.698,746221,572.888,758615,578.238,770752,585.847,783254,590.597,796208,596.296,809402,602.611,822934,608.952,836840,615.884,851146,621.61,865937,627.8261,881185,634.0422
Dominica,DMA,70926,36.3508,70842,36.3629,70970,36.5863,71210,36.7972,71373,37.0278,71368,37.2943,71145,37.4822,70753,37.6209,70290,37.801,69903,38.0761,69676,38.1384,69670,38.3377,69824,38.4424,70093,38.4745,70379,38.5698,70627,38.6835,70807,38.8951,70950,39.1296,71074,39.3035,71229,39.566,71440,39.8197,71718,40.217897,72044,40.616094
Denmark,DNK,5140939,7981.26,5154298,8132.72,5171370,8183.57,5188628,8329.16,5206180,8199.82,5233373,8201.11,5263074,8204.4,5284991,8267.02,5304219,8235.8,5321799,8068.54,5339616,8129.1,5358783,8257.54,5375931,8107.79,5390574,8054.53,5404523,7963.01,5419432,7956.82,5437272,7845.84,5461438,7816.61,5493621,7863.95,5523095,7659.64,5547683,7763,5570572,7633.268462,5591572,7602.607924
"Dominican Republic",DOM,7183647,6003.02,7325622,6270.91,7468551,7003.66,7611465,6815.3,7753052,6718.43,7892423,6761.38,8029113,6970.82,8163472,6948.17,8296375,6956.29,8429112,6222.55,8562622,6236.76,8697126,6586.18,8832285,6719.89,8967760,6640.31,9102998,6721.98,9237566,6692.43,9371338,6742.77,9504353,6724.89,9636520,6730.43,9767758,6954.39,9897985,6726.43,10027095,6793.6943,10154950,6860.9586
Algeria,DZA,25912367,32299.4,26554329,33404.8,27181094,37487.3,27786259,37397,28362253,36376.5,28904298,39603,29411415,40620.6,29886839,41836.6,30335732,42815.6,30765613,45719.1,31183660,45052.6,31592153,42262.7,31995046,42247.1,32403514,45121.9,32831096,44789.9,33288437,46737.3,33777915,47475.3,34300076,46547.4,34860715,47436.8,35465760,47045.8,36117637,47575.5,36819558,48051.255,37565847,48527.01
"East Asia & Pacific (excluding high income)",EAP,1604526529,1582121.375,1629001649,1752148.612,1651934416,1764651.861,1674021645,1594042.944,1695931765,1732550.95,1717381821,1646380.874,1738422945,1639227.71,1759201938,2346325.314,1779221736,1717445.974,1798083668,1629127.58,1815956211,1572386.949,1833033752,1641942.748,1849372898,1800365.926,1865072190,1738493.077,1880346879,1918618.522,1895491197,2049232.14,1910175419,2326075.925,1924328623,2103493.163,1938363936,2197375.076,1952308448,2335369.008,1966231608,2325773.588,1980303926,2387623.194,1994651365,2449473.999
"Europe & Central Asia (excluding high income)",ECA,385427446,1049338.58,387397109,994396.43,389011005,957076.21,390265543,927885.33,390918548,865939.49,391384579,822530.93,391791161,829930.05,392200932,770373.27,392498014,810146.42,392517924,767033.03,392657969,799141.03,392446165,795333.86,392134307,824473.44,392280391,853751.06,392625999,833173.61,393027492,853546.98,393571334,856329.24,394257705,873929.42,395304586,902903.72,397043992,885428.58,399053204,927300.76,401241932,928540.6884,403439691,936280.8119
"Europe & Central Asia",ECS,842848473,1739768.707,846178276,1672101.329,849656745,1615354.256,852762016,1557983.524,854723055,1484952.861,856352860,1436084.526,857652705,1452402.925,859112733,1384011.152,860236341,1403940.551,861380108,1347097.021,862304086,1378611.883,863615632,1362271.9,865196877,1379328.634,867457664,1400142.371,870030756,1368943.102,872661616,1381825.409,875343235,1378142.134,878465990,1390279.955,881965815,1413303.56,885591814,1394170.44,889016507,1436300.498,891098854,1431212.486,894679968,1432389.806
Ecuador,ECU,10218091,10987.2,10460990,11385.6,10705667,11984.8,10951202,12625.4,11196479,13789.4,11440583,14257.7,11683479,14535.6,11924993,13883.5,12163885,13643.3,12398691,13615.4,12628596,12850.3,12852755,13291.9,13072060,12961.8,13289601,14226.8,13509647,15334.9,13735233,15134.3,13967480,15134.6,14205453,14932.4,14447562,14780,14691275,15488.9,14934690,15476.8,15177355,15631.568,15419666,15786.336
"Egypt, Arab Rep.",EGY,57412215,26993.4,58752390,28154.1,60035536,29170,61275601,30346.4,62495745,30731.9,63714386,31508.1,64933456,31851.3,66151117,32661.9,67378056,31934,68626664,34649,69905988,35956.5,71226940,36709,72590118,39558.3,73981942,41953.9,75381899,43511,76778149,47959.3,78159048,49735.3,79537253,50232.2,80953881,52003.1,82465022,50895.5,84107606,50957.6,85897561,51467.176,87813257,51976.752
"Euro area",EMU,311539698,392976.18,312708142,386794.906,314162056,376930.264,315449104,367619.416,316366779,362037.384,317181449,359600.16,318003015,371658.882,318761764,367650.585,319433983,362181.116,320258902,356930.819,321310787,352961.295,322547880,347076.291,324125338,340219.878,325885964,335580.051,327682507,330208.618,329380413,326534.541,330922791,322608.419,332645166,321012.439,334274730,317568.17,335360887,317961.486,336151474,317055.19,335429120,313613.1661,336180504,308804.6824
Spain,ESP,38867322,32809,38966376,32752.5,39157685,32800.6,39361262,32388,39549108,32813.1,39724050,32669.6,39889852,32780.8,40057389,34068.4,40223509,34447.1,40386875,34519.9,40567864,35113.6,40850412,35629.3,41431558,36121.5,42187645,35996.6,42921895,36127.1,43653155,36314.9,44397319,36073.1,45226803,36302.2,45954106,36484.2,46362946,36836,46576897,36823.6,46742697,37064.10279,46773055,37208.10558
Estonia,EST,1569174,3407.55,1561314,3265.54,1533091,2876.06,1494128,2386.58,1462514,2209.61,1436634,2109.85,1415594,2232.42,1399535,2253.59,1386156,2172.74,1390244,2083.91,1396985,2136.19,1388115,2156.4,1379350,2085.12,1370720,2187.09,1362550,2256.76,1354775,2212.28,1346810,2221.86,1340680,2253.78,1337090,2251.95,1334515,2230.35,1331475,2321.56,1327439,2232.612613,1322696,2234.878225
Ethiopia,ETH,48086516,39981.3,49821083,38988.6,51647768,41972.3,53532956,40207,55431123,40452.1,57309880,41854,59155148,43071.1,60976450,44544.9,62794151,46980.3,64640054,48255.8,66537331,46191.8,68492257,46830.3,70497192,52417.6,72545144,50938.2,74624405,50999,76727083,52959.6,78850689,58429.7,81000409,58801.7,83184892,60262.2,85416253,62142.6,87702670,63216.7,90046756,63848.867,92444183,64481.034
"European Union",EUU,478005307,723147.58,478976405,705193.636,480438474,681839.214,482099286,650623.986,483262845,639928.214,484271344,633465.45,485000716,642389.462,485892094,631708.845,486565871,611247.286,487539366,596872.789,488178832,595781.105,489155665,581838.681,490390251,568911.708,492200117,561676.101,494162543,551675.658,496115006,544631.481,497973712,538722.909,499916647,532665.669,501808477,526660.84,503317964,524429.636,504421126,524765.64,504015371,518455.6135,505117542,512009.3873
"Fragile and conflict affected situations",FCS,259301889,422443.0379,266530173,352320.1572,274337650,479268.9239,282512676,359664.5069,290750580,380121.6687,298837493,407333.1959,306691898,368775.6364,314393550,383184.7276,321885559,376394.6897,329495037,388622.7222,337602457,388861.8079,346168747,419009.6766,355076801,387108.7679,364275678,379721.2851,373680882,414540.8874,383230416,407678.3404,392932365,524046.8547,402796842,723229.4696,412832401,532135.0074,423028631,511416.7426,433388814,526608.2954,443918286,531874.3784,454618893,537140.4613
Finland,FIN,4986431,10068.6,5013740,9800.66,5041992,9699.45,5066447,9841.08,5088333,10135.9,5107790,10203,5124573,9998.77,5139835,10153.1,5153498,10373.8,5165474,10300.5,5176209,10342.7,5188008,10263.4,5200598,9912.66,5213014,10028.9,5228172,10082.1,5246096,9759.9,5266268,9802.92,5288720,9668.94,5313399,9516.14,5338871,8507.66,5363352,8895.55,5388272,8548.189613,5413971,8551.563226
Fiji,FJI,728628,635.201,735473,646.859,744531,650.755,755026,688.064,765667,711.017,775498,734.493,784476,733.788,792860,729.066,800315,717.331,806494,705.884,811223,704.812,814218,717.243,815691,696.958,816628,688.843,818354,692.606,821817,696.368,827411,699.988,834812,703.696,843340,707.061,851967,704.557,859950,700.595,867086,707.60095,873596,714.6069
France,FRA,58512808,75749.5,58559311,76743.8,58851217,75582.1,59106768,74425.3,59327192,73754.6,59541899,74225,59753100,89094.1,59964851,87244.1,60186288,86242.5,60496718,86240.1,60912500,85646.7,61357430,85318.1,61805267,83934.8,62244886,83341.7,62704895,82963.7,63179351,82911.6,63621381,83231.6,64016227,83077.9,64374989,82892.6,64707044,83638.8,65027507,83756.9,65342775,82447.18675,65659789,81178.5035
"Faroe Islands",FRO,47594,33.1291,47457,33.5249,47101,33.9007,46640,34.2361,46250,34.4653,46040,34.6663,46058,34.8553,46251,35.0364,46580,35.2059,46937,35.3786,47258,35.553,47526,35.7164,47769,35.8831,47974,36.0519,48143,36.2262,48285,36.4144,48383,36.644,48448,36.9227,48485,37.239,48517,37.5735,48550,37.941,48608,38.32041,48666,38.69982
"Micronesia, Fed. Sts.",FSM,96331,21.1901,98799,21.8691,101413,22.5776,103934,23.2696,106057,23.565,107556,27.1545,108344,27.3877,108502,27.5759,108238,27.6765,107816,27.7621,107432,27.8322,107165,27.9822,106983,28.1382,106816,28.3019,106577,28.4973,106196,28.646,105684,28.811,105078,29.0178,104478,29.254,103960,29.6316,103616,29.7743,103468,30.072043,103503,30.369786
Gabon,GAB,952212,3478.5,978223,3350.19,1004676,3687.44,1031504,3539.6,1058663,3636.06,1086137,3983.63,1113994,4245.68,1142324,4048.04,1171224,4683.56,1200773,4202.04,1231122,4082.01,1262259,4526.54,1294409,4155.5,1328146,4542.76,1364205,4451.39,1403126,4297.98,1444844,3525.15,1489193,3158.59,1536411,5247.7,1586754,3467.78,1640210,3817.58,1697101,3855.7558,1756817,3893.9316
"United Kingdom",GBR,57247586,117496,57424897,117228,57580402,113254,57718614,109061,57865745,104099,58019030,104042,58166950,103571,58316954,99823.3,58487141,95210.7,58682466,90860.1,58892514,86355.4,59119673,79457.3,59370479,75188.1,59647577,70993.1,59987905,67625.8,60401206,64805.1,60846820,63013.5,61322463,61771,61806995,61175.8,62276270,60726.9,62766365,61177.1,63258918,59856.64561,63700300,58980.03122
Georgia,GEO,4802000,5035.23,4835900,4850.64,4873500,4841.69,4911100,4637.55,4861600,3986.66,4734000,4116.25,4616100,4362.7,4531600,4080.54,4487300,4085.33,4452500,4046.44,4418300,4137.41,4386400,4185.87,4357000,4210.1,4301000,4269.92,4245000,4329.9,4190000,4413.11,4136000,4527.67,4082000,4653.34,4030000,4708.22,3978000,4821.49,3926000,4862.59,3875000,4940.892046,3825000,5019.192092
Ghana,GHA,14628260,7924.72,15039514,7114.7,15463854,8050.4,15896432,8086.01,16330174,8381.36,16760467,8983.21,17185608,9083.59,17608812,9326.67,18036494,9041.54,18477612,8655.3,18938762,9627.91,19421605,9748.84,19924522,9243.07,20446782,9140.1,20986536,8786.07,21542009,9975.34,22113425,11069,22700212,16676.1,23298640,22497.5,23903831,20037,24512104,20664.5,25121796,20871.145,25733049,21077.79
Gibraltar,GIB,29164,4.88389,29212,5.02328,29379,5.25167,29623,5.31216,29895,5.43133,30147,5.47264,30382,5.51471,30594,5.58602,30801,5.659,30991,5.72702,31180,5.7897,31374,5.82586,31544,5.83843,31720,5.87704,31896,5.872,32085,5.87459,32296,5.96599,32510,6.09866,32732,6.17776,32956,6.31274,33189,6.47457,33405,6.5393157,33623,6.6040614
Guinea,GIN,6041094,8713.64,6374329,7040.38,6758838,7565.74,7163236,7211.25,7544291,7297.85,7871173,8398.94,8132552,8852.78,8337988,8327.05,8503297,8178.71,8653769,9487.69,8808546,8817.27,8971139,10259.4,9137345,10279.8,9309848,8858.55,9490229,9168.92,9679745,10108.6,9881428,20239.9,10096727,21987,10323142,33315.5,10556524,56318.7,10794170,28091.9,11035170,28372.819,11281469,28653.738
"Gambia, The",GMB,916808,614.322,949493,596.197,979718,620.796,1008358,608.797,1036829,629.967,1066223,659.246,1096708,662.956,1128169,661.934,1160944,656.411,1195420,674.76,1231844,721.813,1270495,784.369,1311349,789.694,1354194,659.429,1398573,734.488,1444204,754.406,1491021,765.623,1539116,1043.62,1588572,893.195,1639560,963.673,1692149,1018.9,1746363,1029.089,1802125,1039.278
Guinea-Bissau,GNB,1012280,861.628,1037155,804.838,1062800,864.545,1088569,851.565,1113541,864.296,1137122,914.178,1159060,904.561,1179727,902.979,1199915,951.383,1220794,1034.28,1243229,961.043,1267512,1088.48,1293523,1031.62,1321202,977.131,1350345,1058.66,1380838,1067.62,1412669,1199.36,1445958,1266.32,1480841,1218.46,1517448,1219.27,1555880,1392.82,1596154,1406.7482,1638139,1420.6764
"Equatorial Guinea",GNQ,426846,117.684,440624,272.009,455148,431.158,470610,589.569,487140,743.872,504871,788.354,523999,860.811,544636,1216.11,566673,1467.1,589938,1582.07,614323,1685.48,639762,2182.04,666407,1885.77,694611,1992.02,724817,2459.93,757317,2530.45,792217,2600.82,829327,2737.94,868418,2752.8,909111,2827.08,951104,2901.46,994290,2930.4746,1038593,2959.4892
Greece,GRC,10196792,7734.43,10319927,7653.22,10399061,7504.27,10460415,7548.29,10512922,7684.58,10562153,7711.16,10608800,7807.91,10661259,7979.63,10720509,8166.56,10761698,7895.14,10805808,8099.65,10862132,8230.93,10902022,8161.68,10928070,8202.29,10955141,8257.96,10987314,8214.62,11020362,8274.23,11048473,8315.35,11077841,8212.55,11107017,8428.08,11121341,8416.51,11104899,8343.290061,11045011,8254.870121
Grenada,GRD,96283,24.7507,96454,25.1214,97198,25.5177,98305,25.8473,99405,26.2511,100255,26.5793,100796,28.2216,101122,28.7837,101309,28.3198,101442,29.6204,101619,30.6928,101849,31.2772,102100,32.3986,102375,32.9079,102656,33.2486,102949,33.8493,103259,34.3655,103586,34.6336,103930,34.995,104296,35.4705,104677,35.9581,105075,36.317681,105481,36.677262
Greenland,GRL,55600,23.6707,55500,24.077,55300,24.5482,55200,24.9097,55500,25.2433,55800,25.5508,55900,25.8362,56000,26.1022,56100,26.3359,56100,26.55,56200,26.5386,56350,26.716,56609,26.6675,56765,26.9025,56911,27.0288,56935,27.2057,56774,27.3832,56555,27.5719,56328,27.7546,56323,27.9375,56905,28.1205,56890,28.401705,56810,28.68291
Guatemala,GTM,9263813,4798.37,9483270,5089.91,9708544,5156.11,9938692,5475.92,10172297,5315.73,10408489,5359.27,10646674,5473.29,10887634,5411.78,11133501,20745.8,11387203,6035.92,11650743,19384.7,11924946,6157.78,12208848,7229.09,12500478,12528.4,12796925,6259.31,13096028,8403.52,13397008,6176.92,13700286,6320.54,14006366,6363.84,14316208,6441.32,14630417,6742.52,14948919,6809.9452,15271056,6877.3704
Guam,GUM,130482,46.4886,133558,47.6965,136692,48.9552,139818,50.2266,142802,51.4761,145561,52.6878,148060,53.8501,150303,55.0175,152277,56.0646,153953,57.189,155329,58.318,156401,59.4542,157175,60.6005,157714,61.6726,158099,62.7558,158402,63.8273,158648,64.911,158855,66.0797,159035,67.3484,159231,68.6719,159444,70.0865,159678,70.787365,159973,71.48823
Guyana,GUY,743309,1256.15,744289,1390.74,748134,1580.36,753484,1759.09,758342,1446.42,761291,1684.55,761861,1677.45,760510,1662.19,757952,4210.27,755278,1229.39,753301,1079.4,752263,1307.19,751884,1234.65,751857,1303.02,751652,1328.64,750946,1314.02,749601,1164.88,747869,1252.71,746314,1377.05,745693,14406.8,746556,2082.36,749100,2103.1836,753091,2124.0072
"High income",HIC,1037334467,1860300.545,1045799408,1847631.916,1052656811,1830132.701,1061248480,1801346.285,1069147445,1819336.456,1078558586,1799507.333,1086071661,1794235.135,1093603568,1786611.692,1100763765,1768653.512,1108002668,1735219.055,1115010208,1735979.862,1122635089,1728380.018,1130299527,1717856.398,1137953182,1724664.877,1145971873,1719589.639,1154156034,1701849.42,1162908282,1702860.8,1172156434,1717210.604,1181962982,1709785.883,1190790909,1688105.238,1198787232,1687261.096,1204631343,1677667.863,1212058100,1662471.001
"Hong Kong SAR, China",HKG,5704500,1532.05,5752000,1593.63,5800500,1639.86,5901000,1720.01,6035400,1885.16,6156100,2101.75,6435500,2311.17,6489300,2517.45,6543700,2612.69,6606500,2639.52,6665000,2694.52,6714300,2705.4,6744100,2730.45,6730800,2758.53,6783500,2791.73,6813200,2825.07,6857100,2871.43,6916300,2921.37,6957800,2976.81,6972800,3033.28,7024200,3085.69,7071600,3116.5469,7150100,3147.4038
Honduras,HND,4955328,3971.38,5099951,4227.9,5247836,4030.18,5398805,3928.06,5552625,4160.61,5709051,4029.31,5867849,4169.24,6028882,3951.16,6192026,4004.87,6357221,3254.56,6524283,3446.92,6693061,3598.96,6863157,4179.87,7033821,4782.54,7204153,4898.77,7373430,5221.15,7541406,5181.01,7707972,5312.21,7872658,5415.81,8035021,5653.59,8194778,5729.65,8351600,5786.9465,8505646,5844.243
"Heavily indebted poor countries (HIPC)",HPC,355762200,496591.7292,366551884,425357.7002,377879250,560951.8694,389594161,428136.3034,401488248,455154.171,413418810,482198.855,425324425,458306.6692,437269757,460883.2514,449393754,474129.3647,461899663,473937.6636,474935556,481578.0941,488553040,493430.9712,502710676,490936.4943,517352559,479710.4971,532385197,528275.8935,547744433,521596.5153,563415107,637092.0249,579434057,867143.4575,595849807,674293.9231,612731524,687107.2708,630127436,665835.7283,648053253,672494.0856,666488623,679152.4429
Croatia,HRV,4780000,4165.94,4510000,4150.11,4470000,4049.03,4640000,4111.51,4650000,3894.95,4669000,3905.02,4494000,3839.25,4572000,3854.8,4501000,3799.62,4554000,3801.56,4426000,3953.48,4440000,4076.02,4440000,4182.29,4440000,4394.83,4439000,4495.01,4442000,4516.48,4440000,4741.54,4436000,4871.85,4434508,4861.73,4429078,4930.34,4417781,5035.01,4280622,4819.365102,4267558,4708.392205
Haiti,HTI,7099732,3307.79,7243391,3452.06,7386975,3663.09,7530705,3714.2,7674911,3744.12,7819806,3777.17,7965553,3890.28,8111951,3925.14,8258483,3976.77,8404398,4042.36,8549200,4132.52,8692567,4223.04,8834733,4165.97,8976552,4148.23,9119178,4174.05,9263404,4255.44,9409457,4317.27,9556889,4433.32,9705029,4492.07,9852870,4518.52,9999617,4497.27,10145054,4542.2427,10289210,4587.2154
Hungary,HUN,10373988,10067.7,10373400,9900.7,10369341,8853.05,10357523,8196.3,10343355,7700.56,10328965,7479.56,10311238,8684.53,10290486,8603.44,10266570,8421.45,10237530,8328.87,10210971,8241.43,10187576,8250.43,10158608,8433.15,10129552,8384.69,10107146,8273.52,10087065,7899.94,10071370,7789.31,10055780,7553.27,10038188,7409.59,10022650,7362.47,10000023,7282.64,9971727,7248.695521,9920362,7134.917042
"IDA total",IDA,842151196,951086.9072,865221465,873621.1143,888804426,1049152.16,912723862,894628.4678,936862791,920540.769,961225522,967596.468,985822652,931614.978,1010619076,947909.454,1035516178,974069.4257,1060610253,979020.9852,1086410522,975836.3933,1112771399,1019426.952,1139644030,991881.6765,1167019214,1003216.91,1194886742,1047752.051,1223223216,1063235.303,1252059280,1203804.369,1281448739,1469021.724,1311425875,1268020.759,1342020282,1274210.802,1373548091,1273116.654,1405680382,1285905.919,1438116264,1298695.201
"IDA blend",IDB,282899816,258092.4573,290487021,261671.9599,298118128,272974.8006,305759721,269094.2301,313402026,272040.0358,321107441,279275.5879,328964394,288449.4048,336924643,302243.7208,344939833,292298.7333,352915069,295632.413,361050467,308123.4237,369246309,314108.8632,377544104,306064.4761,385980348,318661.0815,394625729,329042.6575,403526930,334870.6859,412705870,349495.5925,422204235,374311.4585,432032769,368906.0398,442179341,362826.4438,452947421,363856.384,463997812,367248.4268,474993526,370640.4666
Indonesia,IDN,181436821,211531,184615979,391055,187766086,364640,190879523,229782,193945272,357567,196957849,200127,199914831,196284,202826465,912857,205715544,276717,208612556,181938,211540429,170032,214506502,203333,217508059,342524,220545214,216483,223614649,250429,226712730,307454,229838202,515945,232989141,214323,236159276,215937,239340478,302828,242524123,218937,245707511,221126.37,248883232,223315.74
"IDA only",IDX,559251380,692994.4499,574734444,611949.1544,590686298,776177.3594,606964141,625534.2377,623460765,648500.7332,640118081,688320.8801,656858258,643165.5732,673694433,645665.7332,690576345,681770.6924,707695184,683388.5722,725360055,667712.9696,743525090,705318.0883,762099926,685817.2004,781038866,684555.8288,800261013,718709.3936,819696286,728364.6168,839353410,854308.7768,859244504,1094710.266,879393106,899114.7191,899840941,911384.3584,920600670,909260.2695,941682570,918657.4917,963122738,928054.734
India,IND,870133480,513704,888054875,520959,906021106,524521,924057817,529117,942204249,535828,960482795,542270,978893217,547580,997405318,550939,1015974042,553240,1034539214,571165,1053050912,561733,1071477855,568476,1089807112,565939,1108027848,575287,1126135777,577716,1144118674,584676,1161977719,589705,1179681239,598069,1197146906,606364,1214270132,620918,1230980691,621480,1247236029,628938.0636,1263065852,636395.8272
Ireland,IRL,3513974,13884.2,3534235,14106.1,3558430,14121.7,3576261,14312.3,3590386,14391.1,3608841,14497.6,3637510,14682.3,3674171,14852.2,3712696,15125.2,3754786,14836,3805174,14896.6,3866243,15019.4,3931947,15004.8,3996521,15913,4070262,15335.7,4159914,14959.6,4273591,14963.1,4398942,14617.4,4489544,14414.8,4535375,14220.9,4560155,13895.8,4580084,14282.12266,4599533,14330.02533
"Iran, Islamic Rep.",IRN,56226185,56749,57375584,60099.4,58260738,61442.5,58991218,62897.9,59725125,67372.4,60575644,69153.8,61583089,71513.6,62710557,73530.6,63900630,73552.6,65062660,75274.5,66131854,79768.5,67096414,80690.7,67983330,83799.7,68812713,92682.8,69617100,97272.1,70421811,100291,71227880,104671,72031103,107983,72845542,109526,73687565,112911,74567511,115302,75491582,118300.2521,76453574,121298.1143
Iraq,IRQ,17469005,21421.5,17942715,11188.6,18458187,12118.7,19011917,12915.9,19597239,13240.9,20208387,13291.3,20845893,12662,21509291,16393.6,22190250,19282.9,22878156,21376.8,23565413,22328.3,24251649,22341.7,24939299,20744.3,25627626,18690.9,26316609,21282.6,27008426,20658,27697912,21332.7,28390433,21243.2,29111417,22677.2,29894652,22985.8,30762701,23873.7,31727053,24112.437,32776571,24351.174
Iceland,ISL,254826,341.696,257797,340.035,261057,335.967,263725,333.026,266021,337.139,267468,332.433,268916,337.605,271128,338.767,274047,341.257,277381,342.365,281205,336.525,284968,342.69,287523,331.714,289521,335.338,292074,332.736,296734,335.815,303782,353.287,311566,368.955,317414,367.133,318499,383.443,318041,383.189,319014,371.1057605,320716,358.768321
Israel,ISR,4660000,1910.18,4949000,1950.13,5123000,2037.21,5261000,2131.72,5399000,2347.36,5545000,2418.48,5692000,2483.79,5836000,2519.57,5971000,2588.64,6125000,2643.68,6289000,2695.48,6439000,2766.27,6570000,2831.48,6689700,2929.96,6809000,3326.97,6930100,3452.45,7053700,3716.15,7180100,3839.94,7308800,3917.58,7485600,3651.27,7623600,3348.67,7765800,3382.1567,7910500,3415.6434
Italy,ITA,56719240,47167.7,56758521,46281.1,56797087,46370.8,56831821,45868.5,56843400,46464.9,56844303,46489.8,56860281,47515.5,56890372,47213.4,56906744,46822.3,56916317,46445.5,56942108,46791.1,56974100,44644.3,57059007,43642.7,57313203,42622.2,57685327,41060.5,57969484,40144.7,58143979,38872.4,58438310,38418.8,58826731,37392.2,59095365,37243,59277417,37547.9,59379449,36328.09438,59539717,35238.17876
Jamaica,JAM,2424242,1236.11,2443689,1306.54,2465362,1375.69,2488782,1390.1,2513049,1377.24,2537440,1403.21,2561993,1381.85,2586827,1360.76,2611367,1357.77,2634882,1371.43,2656864,1376.24,2677011,1270.89,2695446,1267.93,2712511,1307.01,2728777,1318.96,2744673,1303.35,2760279,1314.89,2775467,1322.38,2790122,1327.95,2804082,1304.93,2817210,1290.64,2829493,1303.5464,2840992,1316.4528
Jordan,JOR,3560582,865.96,3753433,971.059,3968198,1113.76,4189431,1181.13,4395953,1178.48,4572904,1224.59,4716373,1279.84,4832267,1283.06,4927912,1345.57,5014899,1339.37,5103130,1399.35,5193482,1379.13,5287488,1484.08,5396774,1588.4,5535595,1700.95,5714111,1831.84,5934232,1954.06,6193191,2081.66,6489822,2203.39,6821116,2125.72,7182390,2073.31,7574943,2094.0431,7992573,2114.7762
Japan,JPN,123537000,66937.5,123921000,65333.6,124229000,64959.8,124536000,63564.1,124961000,62539,125439000,59942.8,125757000,56805.6,126057000,54159.4,126400000,50834.7,126631000,49494,126843000,47496.1,127149000,46170.3,127445000,44220.2,127718000,43401.2,127761000,42963.2,127773000,42255.5,127854000,41940.2,128001000,41599.6,128063000,40990.2,128047000,40366.5,128070000,40262.2,127833000,39673.65633,127629000,38956.54266
Kazakhstan,KAZ,16348000,69412.5,16450500,64202.8,16439095,64059.5,16330419,61927.2,16095199,53120.7,15815626,43664.5,15577894,51002.7,15333703,40284.7,15071300,36540.6,14928426,33252.5,14883626,38778.7,14858335,40549.2,14858948,46805.7,14909018,48473.5,15012985,52018.2,15147029,54343.5,15308084,57613.3,15484192,59418.7,15674000,63557.3,16092822,63765,16321872,67542.2,16557201,69446.28823,16792089,71350.48646
Kenya,KEN,23402507,20324.3,24179598,20067.6,24963953,20393,25754114,20777.1,26548486,21428.8,27346456,21676.7,28147734,20883,28954114,21174.7,29769803,21985.9,30600397,23128.5,31450483,22283.2,32321482,22897.6,33214009,23513,34130852,24373.8,35074931,25584.2,36048288,25614.8,37052050,26382.8,38085909,26544.6,39148416,27447.1,40237204,27436.5,41350152,27477.2,42486839,27751.972,43646629,28026.744
"Kyrgyz Republic",KGZ,4391200,5822.7,4463600,5552.97,4515400,5212.24,4516700,4921.47,4515100,4428.28,4560400,3698.14,4628400,3863.25,4696400,3452.46,4769000,3363.82,4840400,3409.16,4898400,3485.7,4945100,3473.02,4990700,3533.02,5043300,3554.55,5104700,3540.17,5162600,3591.26,5218400,3539.99,5268400,3605.24,5318700,3664.47,5383300,3822.6,5447900,3968.38,5514600,4129.718849,5607200,4291.067697
Cambodia,KHM,8973342,15115.7,9286976,14178,9621504,15295.6,9968275,15319.3,10315376,13541.9,10653558,15970.2,10980273,14982.5,11295880,15369.2,11597739,20428.4,11883636,15969.3,12152354,14984.9,12402473,15981.2,12634729,17705.4,12853124,18474.1,13063377,19519.1,13270201,20476.5,13474489,24196.9,13676693,41364.7,13880509,32658.4,14090208,29098.9,14308740,35210.7,14537886,35562.807,14776866,35914.914
Kiribati,KIR,72412,10.1507,73700,10.3557,74769,10.5681,75719,10.7664,76671,10.9671,77730,11.2032,78907,11.5327,80184,11.7932,81550,12.0775,82966,12.4039,84406,12.783,85858,13.0803,87343,13.4642,88895,13.6906,90542,13.9656,92325,14.2037,94260,14.5038,96311,14.8733,98440,15.2245,100568,15.5948,102652,15.9874,104656,16.147274,106613,16.307148
"St. Kitts and Nevis",KNA,40834,25.8255,41013,26.9923,41361,28.776,41846,28.2629,42373,28.2748,42891,28.7572,43373,29.8266,43846,32.2536,44317,31.7411,44824,31.546,45374,32.5659,45990,33.0917,46641,33.4498,47306,33.8611,47971,34.3194,48611,33.929,49210,34.4144,49783,32.1513,50332,30.9709,50886,30.2962,51445,29.4668,52006,29.761468,52591,30.056136
"Korea, Rep.",KOR,42869283,31301.1,43295704,30829,43747962,30062.7,44194628,30005,44641540,29868.9,45092991,30069.4,45524681,30882.5,45953580,31419.3,46286503,31037.5,46616677,30620.3,47008111,30916.4,47370164,30796,47644736,30797.5,47892330,31131.5,48082519,31591.1,48184561,31986.6,48438292,32483,48683638,32663.7,49054708,31073.8,49307835,31492,49554112,31985,49936638,32304.85,50199853,32624.7
"Latin America & Caribbean (excluding high income)",LAC,387713894,620643.544,395121495,615629.0583,402540526,634925.0249,409949382,660282.3355,417319166,630900.8989,424626030,666616.2319,431868811,671334.5404,439044994,680207.0748,446128863,736372.4423,453089523,700470.061,459908706,681923.6657,466569961,702130.0412,473087978,728085.6091,479514487,765158.2715,485921455,833710.1355,492360617,848416.3459,498847473,749640.9985,505365856,762545.4975,511896377,774904.6228,518406797,791845.4388,524870761,804128.739,531283625,833175.9003,537645733,843651.5317
"Lao PDR",LAO,4258472,8140.38,4380073,7178.54,4502363,9292.27,4623280,7982.87,4740380,7673.07,4851923,8250.26,4957180,7109.17,5056519,7393.34,5150763,19708.2,5241284,17160.3,5329304,7219.39,5414568,7828.31,5497273,8610.42,5579656,8273.89,5664605,12940.8,5754026,10797.5,5849356,8621.94,5949787,8174.71,6052190,8331.62,6152036,8394.87,6246274,14717,6333487,14864.17,6415169,15011.34
Lebanon,LBN,2703016,698.063,2752462,733.521,2821862,758.014,2900854,779.919,2974640,798.273,3033394,807.64,3070960,844.039,3092670,857.373,3113951,888.003,3156646,893.603,3235366,904.602,3359859,913.621,3522837,945.674,3701464,965.734,3863267,975.86,3986852,1022.76,4057350,1040.91,4086466,1060.39,4111047,1089.56,4183156,1110.48,4337141,1127.22,4588368,1138.4922,4916404,1149.7644
Liberia,LBR,2097232,889.681,2060267,845.158,2022729,826.081,2000248,773.638,2012885,756.619,2073482,771.495,2191179,815.302,2358469,898.083,2551062,1001.58,2734518,1103.74,2884522,1155.65,2991132,1274.89,3062863,1248.1,3116233,1242.8,3176414,1328.26,3261230,1317.34,3375838,1484.91,3512932,1612.7,3662993,1621.16,3811528,1551.05,3948125,1554.59,4070167,1570.1359,4181563,1585.6818
Libya,LBY,4436661,16757.7,4544293,17183.2,4651004,15135.9,4755289,14508.2,4855003,14747,4948798,15680.4,5035884,16057.8,5117269,14275.2,5195502,13670.8,5274163,12584.8,5355751,13092.2,5440566,12532,5527515,12341.2,5615952,14033.9,5704759,14725.4,5792688,16454.6,5881435,17560,5970362,17615.1,6053078,18067.2,6121053,17740.5,6169140,18132.3,6193501,18313.623,6198258,18494.946
"St. Lucia",LCA,138185,36.9718,140156,37.2514,141925,37.5229,143565,37.7076,145247,37.9909,147044,38.2506,149004,38.4009,151086,38.5637,153183,38.8302,155172,39.1605,156949,39.5805,158464,39.892,159763,40.2137,160973,40.5166,162251,40.8795,163714,41.1707,165407,41.534,167288,41.9093,169220,42.2973,171022,42.4451,172580,42.8591,173832,43.287691,174835,43.716282
"Latin America & Caribbean",LCN,445044474,758513.0057,453251622,753186.5027,461466819,775294.2832,469673465,801597.1347,477832467,772893.1004,485913138,810102.7029,493920488,815487.7617,501837820,825944.7315,509664957,880256.8882,517324344,844085.1432,524829251,827160.27,532172709,848007.064,539372044,873030.8534,546478662,918128.7455,553563090,988750.4555,560673962,1003512.979,567821716,907165.6523,574994397,918176.6188,582179826,931051.0285,589349327,943339.2587,596478519,948748.2295,603537118,979241.5857,610547919,991163.412
"Least developed countries: UN classification",LDC,510827576,666555.1503,525020368,585523.7708,539720450,755753.9824,554804181,594902.664,570101958,620519.5045,585496175,660796.1105,600926162,614503.082,616437048,610482.628,632146821,644039.7756,648229112,651680.8044,664804763,630328.6289,681932226,669194.475,699560739,649826.5844,717572892,650250.7443,735796583,684312.2347,754118072,690736.0516,772488966,815021.1964,790978141,1048436.266,809730997,846183.9122,828953320,847522.3208,848791962,856069.9593,869298106,864630.6589,890423474,873191.3585
"Low income",LIC,352473181,409800.939,362705618,355479.906,373402947,458941.739,384447813,346311.482,395678396,371926.951,406983803,392098.839,418317960,372121.771,429730581,372438.418,441325367,382429.04,453254723,370343.524,465631330,386933.762,478477973,396310.087,491764952,393012.746,505488618,388581.067,519630935,399850.422,534172627,412917.093,549135479,522456.08,564514253,694907.043,580229110,539388.217,596172925,539826.957,612274687,536816.931,628504663,542368.0648,644901894,547919.2086
"Sri Lanka",LKA,17329713,11514.1,17539633,11004.5,17740637,10936.2,17928576,11250.2,18098348,11725.6,18247121,11606,18372120,10063.4,18476505,9841.13,18570701,9315.24,18669103,9895.28,18781938,9606.1,18913054,9249.79,19059300,9543.28,19215307,10086.1,19372538,9113.36,19524558,10292,19670151,10361.2,19810789,11011.3,19945832,11351.4,20075086,10973.9,20198353,11630.9,20315017,11747.209,20425000,11863.518
Lesotho,LSO,1603938,1137.7,1634517,1146.64,1667121,1289.18,1700362,1230.19,1732257,1206.66,1761359,1184.24,1787273,1126.68,1810453,1105.45,1831298,1098.87,1850527,1222.21,1868699,1148.95,1885955,1123.95,1902312,1318.61,1918097,1306.57,1933728,1090.1,1949543,1215.92,1965662,1207.95,1982287,1228.99,1999930,1244.2,2019209,1253.56,2040551,1261.45,2064166,1274.0645,2089928,1286.679
Lithuania,LTU,3697838,7602.37,3704134,7393.74,3700114,6889.02,3682613,5942.06,3657144,5414.64,3629102,5156.03,3601613,5082.84,3575137,5105.41,3549331,5161.28,3524238,5023.55,3499536,4999.93,3470818,4856.21,3443067,5105.07,3415213,4996.95,3377075,5053.58,3322528,5042.95,3269909,5096.41,3231294,5095.97,3198231,5159.29,3162916,5079.98,3097282,5052.3,3028115,4942.793157,2987773,4805.602314
Luxembourg,LUX,381850,979.375,387000,1113.36,392175,1174.97,397475,1183.85,402925,1224.48,408625,1249.17,414225,1028.37,419450,1115.74,424700,1030.59,430475,1026.6,436300,1018.69,441525,1094.93,446175,1050.96,451630,1043.92,458095,993.759,465158,1053.29,472637,1070.37,479993,1116.44,488650,1146.49,497783,1279.89,506953,1235.76,518347,1224.605793,530946,1169.316186
Latvia,LVA,2663151,5468.3,2650581,5483.54,2614338,5277.01,2563290,4691.5,2520742,3544.86,2485056,3155.76,2457222,3166.83,2432851,3088.53,2410019,3027.51,2390482,2937.6,2367550,2839.51,2337170,2930.62,2310173,3416.83,2287955,3071.81,2263122,3119.34,2238799,3104.89,2218357,3164.91,2200325,3170.82,2177322,3191.92,2141669,3259.72,2097555,3227.46,2059709,3220.435865,2034319,3181.14673
"Macao SAR, China",MAC,343935,84.9561,353764,88.9968,362459,92.988,370345,96.9551,377960,100.614,385686,103.76,393567,107.273,401564,109.757,409837,112.262,418604,114.338,427979,114.222,438081,115.698,448896,116.691,460147,118.447,471453,121.722,482559,126.258,493320,129.756,503823,134.62,514348,139.82,525313,143.61,536969,147.623,549439,149.09923,562531,150.57546
Morocco,MAR,24879136,9223.91,25336862,9073.26,25791494,9023.31,26237417,8337.81,26667048,8145.2,27075232,8301.61,27460603,8576.52,27825901,8869.6,28175263,9018.37,28514798,9319.88,28849621,9600.26,29181832,9659.44,29512368,9684.07,29843937,9993.33,30179285,10366.5,30521070,10601.4,30869346,10883.4,31225881,11080.8,31596855,11254,31989897,11300.8,32409639,11776.9,32858823,11894.669,33333789,12012.438
Moldova,MDA,3696000,4085.62,3704000,4166.06,3706000,4528.94,3701000,4259.54,3691000,4053.61,3675099,3863.14,3667748,3692.43,3654208,3514.06,3652732,3488.61,3647001,3354.89,3639592,3253.46,3631462,3159.85,3623062,3427.34,3612874,3564.44,3603945,3534.88,3595187,3538.93,3585209,3468.77,3576910,3425.5,3570108,3375.96,3565604,3362.18,3562045,3415.09,3559986,3435.50013,3559519,3455.917259
Madagascar,MDG,11598633,17045.9,11942819,16290.7,12301336,18576,12675460,16406,13066543,16801.1,13475400,17089.7,13902688,16644.7,14347854,16552.1,14808791,19526.7,15282521,19053.2,15766806,17889.6,16260932,17378,16765117,15615.8,17279141,17107.7,17802997,16280.4,18336724,19215,18880268,16887.4,19433523,17821.1,19996469,18737.6,20569121,19214.9,21151640,19676.2,21743949,19872.962,22346573,20069.724
Maldives,MDV,223215,24.8639,229754,25.5324,236190,26.1818,242459,26.8871,248433,27.9816,254082,29.0169,259327,29.8054,264275,30.6196,269206,31.7283,274484,32.9014,280384,34.2157,287027,35.4044,294341,37.253,302209,38.5894,310423,40.0747,318836,41.6547,327371,43.5534,336070,45.3725,345054,47.2629,354501,49.2024,364511,51.2825,375131,51.795325,386203,52.30815
"Middle East & North Africa",MEA,255989130,246030.624,262659662,245967.488,267020622,258494.657,273204804,264771.769,279279333,274360.71,286917385,283766.432,292934005,292895.697,298982946,305369.669,305001541,310888.941,311053183,320368.301,317129227,337183.817,323196354,335936.048,329289435,344363.179,335522845,368705.601,342046777,384455.786,348956287,402199.249,356287693,418018.421,363996317,424225.083,371999662,439231.726,380192587,443887.187,388376106,462334.487,396573248,469446.3691,404783020,476559.405
Mexico,MEX,85357874,98920,87071512,90509,88828310,87886.2,90600453,89874.5,92349147,90298.1,94045579,98827.1,95687452,100990,97281739,102966,98821456,117134,100300579,102975,101719673,103267,103067068,108353,104355608,112133,105640453,112895,106995583,110196,108472228,113875,110092378,112932,111836346,114028,113661809,115609,115505228,115122,117318941,115869,119090017,116298.9567,120828307,116704.5833
"Marshall Islands",MHL,47298,4.8357,48475,5.06157,49378,5.26634,50048,5.43065,50575,5.58812,51015,5.72594,51401,5.94492,51692,6.04316,51925,6.07223,52079,6.10129,52159,6.13391,52183,6.19564,52158,6.27855,52116,6.386,52074,6.51885,52055,6.65903,52078,6.80626,52137,7.00481,52218,7.22824,52320,7.45402,52425,7.70513,52542,7.7821813,52663,7.8592326
"Macedonia, FYR",MKD,1996228,1662.29,1993302,1619.13,1988659,1471.41,1984028,1470.39,1981703,1463.1,1983252,1464.52,1989443,1488.66,1999599,1432.06,2012057,1401.28,2024394,1381.64,2034819,1489.65,2042842,1450.78,2048928,1430.1,2053426,1443.97,2057047,1476.08,2060272,1417.65,2063145,1408.39,2065458,1381.05,2067378,1376.2,2069093,1350.1,2070739,1368.33,2072383,1382.0133,2074036,1395.6966
Mali,MLI,8465188,9439.27,8652514,8888.36,8868263,9409.42,9105472,9408.81,9353385,9743.76,9604450,10426.4,9856810,10622,10114094,10941.4,10380835,11545.9,10663723,11651.9,10967690,11686.3,11293258,12415.3,11638929,12005.3,12005128,12613.7,12391906,13488.9,12798763,13685.5,13227064,14234.3,13675606,16597.5,14138216,17437.9,14606597,17521.7,15075085,17687.8,15540989,17864.678,16006670,18041.556
Malta,MLT,354170,183.403,363845,190.267,367618,195.606,371308,201.036,374797,204.982,377419,209.257,379905,217.008,382791,225.205,385287,225.183,387578,228.749,390087,230.238,393028,233.419,395969,235.167,398582,237.049,401268,242.839,403834,244.332,405308,247.165,406724,248.802,409379,234.124,412477,233.673,414508,235.227,416268,187.3080377,420028,140.9427754
Myanmar,MMR,40626250,83992.9,41190156,73169.6,41711465,104832,42209778,87225,42712223,78610.9,43237792,89854,43793310,69498,44371525,68861,44959935,70730.5,45539435,92598.9,46095462,66941.7,46627994,92155.4,47140220,68437.6,47624894,72658.4,48073707,90593,48482614,78231.2,48846474,75320.3,49171586,77548.2,49479752,76510.7,49800690,76868.3,50155896,79055.4,50553031,79845.954,50986514,80636.508
"Middle East & North Africa (excluding high income)",MNA,227903820,181780.741,233582274,178749.711,239062651,185166.081,244395451,187938.593,249660649,192981.488,254918217,200692.645,260190124,205678.219,265463944,213188.734,270672291,217224.298,275840061,226461.252,280955290,234289.549,286016125,231737.739,291051001,236222.592,296114536,251199.372,301278295,261129.127,306595214,273078.907,312079307,283115.526,317721161,286080.031,323531149,292634.382,329488935,294918.924,335581557,300234.21,341822043,305081.7842,348195697,309928.9685
Mongolia,MNG,2184145,8301.04,2217918,8829.31,2243502,9417.96,2263200,8675.53,2280496,8196.23,2298039,8988.85,2316567,8385.44,2335695,8555.4,2355590,8608.3,2376162,8915.58,2397436,9217.95,2419776,7928.15,2443659,6474.45,2469286,6184.46,2496832,6022.86,2526446,6291.43,2558012,6500.67,2591670,6710.63,2628131,6868.32,2668289,7214.2,2712650,6134.42,2761516,6195.7642,2814226,6257.1084
"Northern Mariana Islands",MNP,42538,4.78574,45249,5.11676,47919,5.45371,50602,5.79558,53380,6.14504,56278,6.46383,59364,6.83759,62528,7.22101,65474,7.60252,67755,7.98395,69094,8.35745,69388,8.73839,68763,9.11385,67422,9.48354,65663,9.85446,63744,10.224,61688,10.5398,59513,10.8867,57431,11.2675,55674,11.6763,54424,12.1211,53786,12.242311,53718,12.363522
Mozambique,MOZ,13247649,11782.7,13591970,9817.95,14071231,15253,14636995,8669.22,15217044,10308.4,15759132,10706.7,16248232,9338.05,16701351,9044.58,17136780,12347.7,17584869,11161.7,18067687,12970.3,18588758,12013.5,19139658,10821.4,19716598,11820.5,20312705,11787.3,20923070,13749.5,21547463,7857.2,22188387,8173.63,22846758,8517.49,23524063,9218.47,24221405,9772.32,24939005,9870.0432,25676606,9967.7664
Mauritania,MRT,2030140,3543.17,2085202,3655.78,2141445,3572.94,2199791,3651.78,2261403,3591.54,2327075,3610.57,2397245,3815.52,2471598,4074.16,2549223,4255.32,2628803,4578.15,2709359,4735.44,2790729,4942.44,2873228,5070.14,2957117,5188.64,3042823,5284.84,3130720,5367.73,3220653,5463.29,3312665,5589.7,3407541,5713.89,3506288,5856.1,3609543,5962.34,3717672,6021.9634,3830239,6081.5868
Mauritius,MUS,1058775,210.108,1070266,206.989,1084441,211.12,1097374,212.56,1112846,215.058,1122457,220.616,1133996,223.829,1148284,226.147,1160421,231.032,1175267,232.025,1186873,246.582,1196287,261.133,1204621,256.341,1213370,259.026,1221003,271.391,1228254,273.247,1233996,280.004,1239630,284.473,1244121,290.975,1247429,296.328,1250400,305.257,1252404,308.30957,1255882,311.36214
Malawi,MWI,9437553,4047,9641153,3724.44,9729717,4646.05,9755857,3580.79,9796976,3798.52,9909088,3873.99,10109789,3686.54,10381862,3615.32,10704744,3962.97,11044356,3776.36,11376172,3908.24,11695863,3885.75,12013711,3957.6,12336687,4060.61,12676038,3970.96,13039711,4116.02,13429262,4124.78,13840969,4165.46,14271234,4199.96,14714602,4263.5,15167095,4538.53,15627618,4583.9153,16097305,4629.3006
Malaysia,MYS,18038321,23620,18529454,23417.2,19012724,27972.9,19494967,26728.6,19986894,25943.2,20495597,28345.1,21023321,27965.8,21565325,29763.9,22113464,37635.1,22656286,29006.1,23185608,29308.9,23698907,28515.1,24198811,31533.8,24688703,30951.4,25174109,34816.1,25659393,36582.9,26143566,33523.8,26625845,33488.2,27111069,35305.8,27605383,37721.6,28112289,33598.7,28635128,33934.687,29170456,34270.674
"North America",NAC,277473326,714823.5812,281211703,708821.2707,285092192,706618.8345,288811320,706494.3629,292297226,719746.8384,295691746,714152.1052,299126029,696626.9665,302704697,687839.5834,306162843,692751.6326,309600485,673069.0423,312993944,658805.5171,316113359,654490.8384,319050105,657823.2319,321847258,662416.5822,324864038,658640.9943,327892753,646943.3213,331014940,648751.7162,334184023,650999.9614,337405012,655677.4193,340465736,632553.879,343408819,629268.3529,346051624,620667.1411,348808615,606687.0793
Namibia,NAM,1414692,3553.45,1465740,3516.09,1513721,3953.51,1559983,3183.14,1606718,3298.96,1655359,3309.89,1706489,3154.96,1758994,3242.64,1810566,3297.06,1858042,3982.46,1899257,4581.63,1933596,4296.71,1962147,4522.03,1986535,4754.09,2009228,5051.16,2032196,5251.26,2055734,4441,2079915,4907.13,2106375,4941.96,2137040,4935.38,2173170,4997.54,2215621,5047.5154,2263934,5097.4908
"New Caledonia",NCL,170899,201.162,175362,208.965,179799,211.022,184496,206.654,189482,199.646,193816,197.506,197564,198.852,201418,198.313,205279,199.024,209214,200,213230,199.529,217324,200.42,221490,202.707,225296,203.625,228750,205.058,232250,206.743,235750,207.621,239250,209.507,242750,211.521,245950,207.438,249750,210.516,254350,212.62116,259000,214.72632
Niger,NER,8012861,4462.32,8272976,4616.32,8549424,4916.08,8842415,4969.81,9151763,5175.19,9477333,5314.21,9819964,5462.22,10180061,5622.44,10556549,5819.35,10947829,5967.7,11352973,6123.12,11771976,5951.29,12206002,5151.85,12656870,5257.9,13127012,5311.73,13618449,5979.32,14132064,6027.77,14668338,6242.81,15228525,6252.73,15813913,6480.56,16425578,6723.25,17064636,6790.4825,17731634,6857.715
Nigeria,NGA,95269988,65221.7,97726323,68106.3,100221563,72132.3,102761737,73635.1,105355783,72046.3,108011465,76429,110732904,82757.3,113522705,81362.7,116385750,78417.4,119327073,77210.7,122352009,82741.6,125463434,84872.5,128666710,78177.8,131972533,83059.6,135393616,84941,138939478,84367.4,142614094,93048.5,146417024,102391,150347390,96143.2,154402181,85897.3,158578261,88021.5,162877076,88901.715,167297284,89781.93
Nicaragua,NIC,4144565,4811.11,4236801,4240.94,4331277,4521.1,4426580,5035.93,4520725,5086.28,4612228,4634.88,4700779,4624.33,4786640,4832.87,4869626,5904.26,4949660,5194.69,5026796,5564.9,5100750,5547.16,5171734,5644.02,5240879,5950.79,5309703,5775.63,5379328,6044.09,5450211,5978.06,5522106,6117.7,5594506,6198.6,5666581,6261.26,5737723,6364.58,5807820,6428.2258,5877108,6491.8716
Netherlands,NLD,14951510,30168.9,15069798,30799.9,15184166,30875.5,15290368,30511.5,15382838,29922.5,15459006,29441.9,15530498,29275.2,15610650,27868.2,15707209,26750.4,15812088,25423.8,15925513,24411.9,16046180,24013.3,16148929,22986,16225302,22046.9,16281779,22270.2,16319868,21419.7,16346101,20875.8,16381696,20543.4,16445593,20590,16530388,20156.3,16615394,20288.2,16693074,19593.1422,16754962,19025.82239
Norway,NOR,4241473,14236.8,4261732,14470.3,4286401,14899.9,4311991,15025.3,4336613,15754.4,4359184,16260.7,4381336,17332.7,4405157,17419.3,4431464,16836.5,4461913,16708.7,4490967,17311.7,4513751,17608.1,4538159,18036.2,4564855,18486.8,4591910,18231.3,4623291,17287,4660677,17130.1,4709153,17682,4768212,17700.7,4828726,17407.4,4889252,17148,4953088,16914.35758,5018573,16408.94215
Nepal,NPL,18749406,20285.7,19245054,19905.8,19773772,18952.8,20321175,19991.4,20867130,19773.4,21396384,20748.7,21903379,20859.9,22389803,20888.6,22856305,20895.7,23305994,21328.6,23740911,21206.1,24161777,21227.4,24566342,21432.3,24950623,21815,25309449,21977.6,25640287,22316.9,25940618,22547.3,26214847,22806.1,26475859,23063.9,26741103,23517.9,27023137,23512,27327147,23747.12,27649925,23982.24
Nauru,NRU,9155,1.91369,9348,1.9935,9546,2.05859,9719,2.12209,9857,2.17656,9969,2.2334,10029,2.28579,10057,2.34118,10046,2.40212,10040,2.46328,10037,2.52435,10052,2.58734,10080,2.64532,10106,2.7004,10126,2.75705,10114,2.81398,10071,2.86459,10002,2.92686,9947,2.99448,9945,3.06831,10025,3.14826,10057,3.1797426,10279,3.2112252
"New Zealand",NZL,3329800,26690.4,3495100,26348.4,3531700,26034.4,3572200,26117.6,3620000,26968.8,3673400,27143,3732000,26946,3781300,27280.9,3815000,26669.8,3835100,26464.4,3857700,26583.9,3880500,26818.7,3948500,27434.5,4027200,27539.7,4087500,27658.5,4133900,27516.3,4184600,27816.9,4223800,27618,4259800,27575.6,4302600,27948.1,4350700,28132.9,4384000,28307.4775,4408100,28657.655
"OECD members",OED,1072793105,1797310.951,1082472189,1772709.945,1092297098,1745385.037,1101667703,1715903.796,1110542679,1730527.879,1119229507,1717326.083,1127684727,1710788.315,1136083409,1701402.597,1144146467,1695741.927,1152210193,1653660.845,1160068208,1645942.275,1168255846,1642410.05,1176489220,1633100.094,1184744057,1624324.838,1193061799,1611368.915,1201387655,1593799.285,1210090990,1588651.687,1219114314,1605715.565,1228624922,1595557.513,1237366149,1576163.363,1245479028,1570008.789,1251781641,1558131.857,1259608786,1540521.081
Oman,OMN,1812160,6167.78,1893771,6088.54,1983277,6398.03,2072111,6675.33,2148428,6359.72,2204283,6834.25,2236666,7162.94,2249773,7820.73,2251875,7701.88,2254918,8478.57,2267991,10332.3,2294787,12250,2334285,12937.5,2385255,13988.7,2444751,14011.1,2511269,14555.1,2582991,15302.9,2662762,15236.2,2759014,15623.2,2882942,15781.5,3041460,16527.1,3237268,16692.371,3464644,16857.642
"Other small states",OSS,17470899,33378.6659,17850910,32164.8111,18191020,36007.0145,18507861,31811.7783,18829542,33164.4847,19149327,34625.4871,19478909,34470.7897,19820997,37580.1236,20170823,42202.0298,20549707,42129.1223,20939372,43823.9287,21324121,46371.7049,21722065,47671.1619,22141340,48299.0011,22600520,51801.6907,23112789,53582.732,23681565,53849.6276,24300791,57495.7848,24955735,64559.907,25615419,66321.4382,26267053,76667.6632,26900149,77261.12296,27529595,77946.76523
Pakistan,PAK,107678614,90807.8,110730420,92710.9,113747135,93584.5,116749560,97419.6,119769556,98780,122829148,101204,125938339,105642,129086987,108132,132253264,111268,135405584,114609,138523285,117125,141601437,119015,144654143,122897,147703401,129409,150780300,134273,153909667,138674,157093993,142329,160332974,146915,163644603,150647,167049580,154356,170560182,155232,174184265,156784.32,177911533,158336.64
Panama,PAN,2471009,2769.23,2523181,2807.38,2576018,2846.28,2629644,2885.29,2684183,2932.55,2739730,2936.84,2796344,2928.68,2853941,2747.06,2912328,2937.43,2971197,2769.95,3030347,2789.36,3089684,3145.51,3149265,3155.57,3209174,3147.6,3269541,3207.01,3330465,3224.99,3391905,3276.79,3453807,3322.56,3516268,3373.93,3579385,3347.16,3643222,3311.55,3707782,3344.6655,3772938,3377.781
Peru,PER,21826658,13575.5,22283128,13235.5,22737056,13392.3,23184228,13729,23619356,13807.5,24038760,14553.4,24441074,14838.1,24827406,14946.7,25199748,15717.5,25561299,15528.8,25914879,16352.6,26261363,15281.7,26601467,15422.8,26937738,15854.5,27273194,15691.7,27610410,16676.3,27949944,16722,28292724,17268.9,28641980,17283.5,29001507,17913.2,29373646,18942.6,29759989,19132.026,30158966,19321.452
Philippines,PHL,61947348,41547.7,63508459,42009.8,65075486,41318.9,66650247,41601.7,68236230,43687.9,69835715,44796.2,71446107,47850,73064764,47845.5,74693695,44694.8,76335812,49218.1,77991569,49911.2,79665315,50934,81352060,50168.1,83031954,50882.1,84678493,52140.7,86274237,53173.1,87809419,54013.3,89293490,55297.1,90751864,56378,92220879,57219.3,93726624,56048.8,95277940,56609.288,96866642,57169.776
Palau,PLW,15088,1.13335,15474,1.15179,15894,1.17426,16342,1.19907,16806,1.22373,17253,1.24641,17691,1.26992,18123,1.29147,18524,1.31056,18879,1.32687,19175,1.34017,19404,1.33863,19574,1.33359,19700,1.32612,19804,1.31742,19906,1.30843,20012,1.31332,20116,1.31817,20228,1.32378,20342,1.32889,20470,1.33401,20599,1.3473501,20758,1.3606902
"Papua New Guinea",PNG,4313059,2424.4,4423007,5481.97,4535520,4905.75,4651169,2604.4,4770606,4793.95,4894276,2114.98,5022437,1839.66,5154910,13662,5291178,2480.12,5430479,1574.1,5572222,2000.91,5716152,1891.23,5862316,2036.85,6010724,1679.55,6161517,2106.86,6314709,1913.68,6470272,1956.89,6627922,1814.82,6787187,1993.82,6947447,2114.87,7108239,2100.85,7269348,2121.8585,7430836,2142.867
Poland,POL,38110782,107611,38246193,102690,38363667,99806.2,38461408,87012.9,38542652,87580.5,38594998,85033.2,38624370,79021.2,38649660,78270.2,38663481,70049.2,38660271,67079.7,38258629,72793.5,38248076,72471.3,38230364,71689,38204570,71581.5,38182222,69934.9,38165445,70600.3,38141267,69934.2,38120560,66911.5,38125759,65405.2,38151603,65319.7,38042794,65475.1,38063255,65195.43074,38063164,65071.20147
"Pre-demographic dividend",PRE,417158756,540872.145,429531376,462205.758,442573477,606239.473,456086696,464491.345,469790790,498783.726,483495980,529307.549,497126039,507135.29,510777895,504259.982,524647448,516452.248,539018066,503443.576,554097477,534962.903,569959700,548842.783,586553190,529106.639,603809871,525591.957,621611464,544541.84,639876871,559628.645,658586521,689730.847,677788806,922027.376,697549138,717259.654,717959651,708116.347,739082260,699169.539,760942116,706161.2344,783505835,713152.9298
"Puerto Rico",PRI,3537000,1823.6,3562110,1874.02,3585176,1710.92,3615497,1769.91,3649237,1831.12,3683103,1821.92,3724655,1878.61,3759430,1951.06,3781101,1997.38,3800081,2038.73,3810605,2100.72,3818774,2141.65,3823701,2178.72,3826095,2220.35,3826878,2205.36,3821362,2220.95,3805214,2226.77,3782995,2244.06,3760866,2262.27,3740410,2312.21,3721525,2358.8,3678732,2382.388,3634488,2405.976
"Korea, Dem. Peoples Rep.",PRK,20293054,21625.5,20609150,20524.7,20937404,20496.9,21265834,19234.7,21577982,18315.8,21862299,17775.1,22113548,17280.8,22335638,17178.4,22537336,15813.5,22731985,16813.1,22929075,17323.7,23131810,17805.8,23336681,17479.9,23538540,17811.2,23729498,18331.6,23904167,19300.6,24061097,19442,24203289,18003.3,24335146,18704.3,24463021,18480.6,24591599,18611.2,24722298,18797.312,24854034,18983.424
Portugal,PRT,9983218,9866.78,9960235,10033.7,9952494,10118.4,9964675,10247.4,9991525,10453.7,10026176,10570.9,10063945,10787,10108977,11163.6,10160196,11710.9,10217828,11805.3,10289898,12289.6,10362722,12449.5,10419631,12593.1,10458821,12949.9,10483861,12479,10503330,13646.3,10522288,12958.7,10542964,13010.8,10558177,13029.7,10568247,12757.3,10573100,12599,10557560,12881.13364,10514844,12976.01829
Paraguay,PRY,4213742,15500.9,4323410,14373.5,4432736,15156.5,4541902,16648.5,4651225,14926.3,4760850,16462.2,4870694,16733.4,4980344,16856.4,5089310,14961.9,5196937,18689.7,5302700,15184.3,5406624,17946.1,5508611,16365.9,5607950,16081.4,5703740,15224.9,5795494,15798.5,5882796,14562.8,5966159,14494.5,6047117,14520,6127837,15033.6,6209877,15927.2,6293783,16086.472,6379219,16245.744
"Pacific island small states",PSS,1694408,3107.77483,1721262,2646.11413,1750902,2236.07908,1782065,2399.37835,1812877,2534.23285,1841944,2612.326,1869026,2649.19234,1894564,2670.58989,1918741,2612.51804,1941848,2557.64233,1964216,2593.57933,1985712,2657.4477,2006448,2642.26197,2027212,2640.94683,2049025,2644.74886,2072665,2640.60018,2098492,2643.61844,2126235,2645.51553,2155339,2648.07034,2184837,2630.13541,2214096,2622.27597,2242763,2648.49873,2271298,2674.721489
"Post-demographic dividend",PST,964601905,1683884.839,970905787,1665798.885,977731114,1640451.951,984287544,1615415.234,989994337,1621420.196,995414348,1595656.801,1000643919,1586183.835,1005863664,1568131.888,1010698895,1551209.244,1015607144,1522440.101,1020591853,1503816.818,1025668441,1489337.584,1030742327,1475265.489,1035918962,1462837.321,1041303140,1446314.695,1046610820,1418476.369,1052236684,1411152.984,1058174510,1426174.555,1064603304,1410833.593,1070107590,1391965.251,1075131208,1385475.148,1078064180,1371808.549,1082727404,1352776.954
"French Polynesia",PYF,198375,70.6834,202016,72.5529,205266,74.8705,208345,76.8118,211579,77.4795,215196,77.7781,219283,78.1545,223731,77.6425,228376,79.776,232952,81.6546,237258,84.1631,241273,84.2617,245006,83.9911,248499,85.8599,251775,85.8839,254886,88.1548,257832,89.0267,260594,91.0906,263179,93.1814,265581,95.172,267820,97.1142,269843,98.085342,271703,99.056484
Qatar,QAT,476445,4399.54,487491,4593.94,495517,4827.64,501566,4900.27,507095,5009.92,513455,5034.04,522304,5720.73,534608,8603.23,550430,9446.69,569447,11774.1,592267,13258.2,616886,13459,645659,14223.5,688586,15442.1,758855,18028.9,864863,18799.8,1010382,20850.2,1189633,23870.6,1389342,28466.8,1590780,31543.2,1779676,40317.7,1952054,40720.877,2109568,41124.054
Romania,ROU,23201835,37405.8,23001155,32940.9,22794284,29566.8,22763280,27374.6,22730211,28949.9,22684270,28410.1,22619004,29276.9,22553978,27504.5,22507344,26116.1,22472040,25227.6,22442971,25139.3,22131970,24394.5,21730496,24304.8,21574326,25769.8,21451748,26139.9,21319685,25976.9,21193760,26509,20882982,26679.1,20537875,26832.3,20367487,26244.8,20246871,26116,20147528,25976.24195,20058035,25707.73391
"Russian Federation",RUS,148292000,624883,148624000,601461,148689000,576744,148520000,553641,148336000,514496,148375726,485644,148160042,490520,147915307,451678,147670692,498651,147214392,455382,146596557,465970,145976083,470194,145306046,489125,144648257,509646,144067054,486820,143518523,494483,143049528,495215,142805088,504013,142742350,511550,142785342,507742,142849449,533546,142960868,539682.7905,143201676,545818.581
Rwanda,RWA,7235798,1484.52,7051759,1510.8,6701851,1545.5,6299909,1472.51,6005095,1429.84,5928078,1552.51,6115168,1655.71,6522382,1848.37,7059813,2030.76,7593239,2161.86,8025703,2015.96,8329406,2117.38,8536205,2192.47,8680346,2422.07,8818438,2618.07,8991735,2520.2,9206580,2652.59,9447402,2692.98,9708169,2741.11,9977446,2768.81,10246842,2883.92,10516071,2912.7592,10788853,2941.5984
"South Asia",SAS,1133089464,731975.6859,1158058109,739166.3134,1183253534,742671.7518,1208612942,751295.5471,1234059205,759977.9616,1259530819,770331.0669,1284978193,780587.0954,1310387887,787335.3296,1335777637,791346.5083,1361185289,818140.6714,1386625845,809368.1957,1412104373,818264.0304,1437568227,822828.053,1462906674,840893.1064,1487975237,846436.0547,1512670560,861930.2647,1536943534,872131.7434,1560818860,887514.9225,1584359049,901733.3729,1607663899,922358.1724,1630806784,930214.4625,1653798614,940759.8707,1676615491,951304.979
"Saudi Arabia",SAU,16326815,30762.7,16867829,35754.1,17378833,37189.8,17859750,37642.9,18311090,39424.1,18735841,39412.3,19131578,40566.2,19505576,41396.9,19882458,42166.6,20294406,40104.8,20764312,43294,21303592,43061.3,21906308,44919.7,22556425,48996.9,23228890,50607.5,23905654,53574.1,24578301,54734.3,25252569,54662,25940770,57885.5,26661492,57241.9,27425676,60310.1,28238020,61606.77737,29086357,62903.44473
Sudan,SDN,20147590,47141.3,20893625,42507.6,21701476,48878.1,22535937,49619.3,23347885,52144.7,24102986,55134.1,24786190,56007.4,25410451,57945.5,26003542,58688.8,26607042,63112.3,27250535,64406.4,27945005,65621.6,28679565,67796.9,29435944,66998,30186341,67288.7,30911914,70660.8,31607064,85745.4,32282526,125045,32955496,100992,33650619,101835,34385963,94638.7,35167314,95585.087,35990192,96531.474
Senegal,SEN,7555617,5627.79,7789653,5486.99,8029725,5765.88,8272170,5838.83,8512173,5988.17,8746606,6184.74,8974077,6338.66,9196528,6496.39,9418393,6647.59,9645957,7151.48,9884052,7077.53,10134497,7207.61,10396861,7151.26,10670990,6990.25,10955944,7396.64,11251266,7661.71,11556763,7723.03,11873557,8466.37,12203957,9131.23,12550917,9296.24,12916229,9732.99,13300910,9830.3199,13703513,9927.6498
Singapore,SGP,3047132,980.765,3135083,1105.5,3230698,1238.01,3313471,1363.89,3419048,1484.24,3524506,1550.06,3670704,1596,3796038,1602.79,3927213,1572.59,3958723,1586.38,4027887,1684.38,4138012,1869.86,4175950,2154.59,4114826,2170.82,4166664,2215.46,4265762,2274.45,4401365,2285.02,4588599,2317.04,4839396,2337.69,4987573,2307.58,5076732,2339.02,5183688,2362.4102,5312437,2385.8004
"Solomon Islands",SLB,311840,2045.79,320753,1563.68,329953,1135.52,339456,1243.9,349225,1351.73,359225,1406.45,369469,1439.78,379947,1462.4,390643,1411.26,401538,1362.73,412609,1394.02,423853,1438.42,435262,1444.6,446769,1450.88,458324,1453.31,469885,1443.74,481422,1440.34,492940,1434.31,504477,1429.7,516079,1427.43,527790,1420.74,539614,1434.9474,551531,1449.1548
"Sierra Leone",SLE,4312246,2909.32,4337239,2614.87,4331332,2733.87,4307299,2710.12,4283621,2602.71,4274819,2663.84,4282350,2679.54,4305455,2823.19,4353646,2816.77,4437803,2495,4564297,2356.7,4739147,2790.2,4957216,2598.07,5199549,2677.78,5439695,2746.95,5658379,2472.49,5848692,3505.4,6015417,4838.4,6165372,4635.27,6310260,3938.69,6458720,3286.31,6611692,3319.1731,6766103,3352.0362
"El Salvador",SLV,5254984,2672.94,5326657,2766.2,5400331,2835.07,5474000,2772.61,5544945,2849.81,5611115,2694.97,5671925,2938.7,5727755,2850.64,5778706,2728.94,5825187,2888.29,5867626,2797.48,5905962,3001.94,5940303,3229.05,5971535,3085.22,6000775,3124.67,6028961,3152.02,6056478,3194.83,6083475,3093.8,6110301,3126.75,6137276,2984.23,6164626,2972.67,6192560,3002.3967,6221246,3032.1234
Somalia,SOM,7397347,13062.4,7455936,12039.3,7488544,11500.4,7519811,12426.5,7583954,13312,7704894,13657.4,7892389,13972.4,8137475,14303.6,8422372,14507.1,8720231,14804.3,9011479,14979.3,9290823,15238.9,9564167,15476.2,9836397,15668.4,10116228,15758.8,10409925,15727.5,10718317,15774.8,11038596,15797.4,11369276,15851.4,11707990,15809.3,12053223,15888.1,12404725,16046.981,12763776,16205.862
"Sub-Saharan Africa (excluding high income)",SSA,512107594,640198.8115,526528575,567523.1858,541294922,719471.3871,556379645,568350.518,571754398,604564.3519,587394320,638805.279,603309222,618811.1146,619530637,615221.8374,636103731,627764.8457,653099453,615090.0476,670568507,645114.0651,688534793,663258.6432,707016127,649238.0523,726057836,646883.5511,745705643,664646.6935,765997649,685159.4633,786951192,817645.0619,808575133,1056759.453,830878600,860926.0801,853866359,847326.9638,877538597,837868.2413,901902485,844516.2359,926951572,851164.1705
"Sub-Saharan Africa",SSF,512177101,640216.62,526599014,567541.5807,541365685,719489.8897,556451898,568369.2592,571828603,604583.3811,587469624,638824.4212,603385639,618830.2013,619607956,615241.24,636182577,627784.0455,653179863,615109.3559,670649638,645133.735,688615995,663278.6595,707099850,649258.6359,726140617,646904.3277,745788118,664668.056,766080507,685180.9223,787035792,817666.9352,808660166,1056781.964,830965556,860949.2321,853953657,847350.0328,877628367,837891.9137,901989926,844540.145,927039875,851188.3164
"Small states",SST,25186921,43631.95003,25642376,42245.26433,26066187,46109.83238,26471464,42132.62375,26880995,43268.14645,27284098,44989.2377,27691618,45341.14114,28107601,48391.48999,28528151,55866.17014,28976065,53389.27243,29434279,55721.98333,29887049,58966.3575,30352305,61078.98287,30838828,64142.57593,31365918,68895.57456,31947386,71315.33098,32586895,73285.58234,33278247,77526.84513,34006389,84785.25174,34739790,100090.4338,35465245,98640.06387,36171934,99453.24764,36875022,100358.6139
"Sao Tome and Principe",STP,113893,28.7702,116294,29.6242,118816,30.4404,121407,31.0114,123973,32.1,126454,32.876,128821,33.5882,131107,34.3934,133418,35.0247,135886,35.8096,138606,36.9521,141622,37.6142,144889,38.5383,148372,39.5401,151969,40.3615,155630,41.2023,159328,41.9249,163101,42.7445,166913,43.5661,170813,44.4738,174776,45.2873,178800,45.740173,182889,46.193046
Suriname,SUR,407472,986.594,415216,1005.58,422763,1105.44,430039,1067.74,437037,836.553,443724,923.12,450036,914.578,455954,851.938,461560,769.644,467003,631.204,472390,617.973,477740,718.647,483044,800.922,488332,712.254,493630,974.092,498946,670.266,504307,594.373,509705,598.859,515148,594.389,520619,686.87,526103,695.478,531589,702.43278,537077,709.38756
"Slovak Republic",SVK,5299187,6451.18,5303294,6091.15,5305016,5547.46,5325305,5014.15,5346331,4545.9,5361999,4445.28,5373361,4547.92,5383291,4585.67,5390516,4327.74,5396020,4291.81,5388720,4433.69,5378867,4624.87,5376912,4547,5373374,4377.38,5372280,4172.25,5372807,4063.57,5373054,4088.4,5374622,4061.56,5379233,4014.64,5386406,4057.92,5391428,3984.68,5398384,4066.244032,5407579,4074.574065
Slovenia,SVN,1998161,3033.76,1999429,2912.58,1996498,2747.77,1991746,2719.27,1989443,2588.77,1989872,2655.99,1988628,2665.38,1985956,2800.61,1981629,2747.43,1983045,2713.52,1988925,2871.1,1992060,2907.72,1994530,2995.69,1995733,3000.19,1997012,2973.56,2000474,2980.19,2006868,2972.35,2018122,2969.29,2021316,2912.93,2039669,2889.12,2048583,2901.13,2052843,2855.430779,2057159,2821.744557
Sweden,SWE,8558835,11521,8617375,11220.9,8668067,11307.9,8718561,11421.8,8780745,11538,8826939,11586.1,8840998,11574.8,8846062,11544.4,8850974,11582.6,8857874,11358.5,8872109,11467.4,8895960,11460.6,8924958,11193.8,8958229,11329.5,8993531,11548.3,9029572,11509.2,9080505,11622.9,9148092,11532.5,9219637,11394.7,9298515,10479.8,9378126,10817.5,9449213,10392.75608,9519374,10304.22315
Eswatini,SWZ,861373,1134.11,885623,1124.9,906034,1211.66,924025,1078.77,941774,1131.95,960792,1149.72,981764,1186.33,1003995,1229.72,1026009,1151.4,1045629,1144.49,1061468,1193.08,1072927,1112.22,1080930,1120.82,1087392,1112.84,1095053,1201.28,1105873,1195.96,1120514,1237.84,1138434,1271.84,1158897,1292.13,1180675,1296.78,1202843,1350.02,1225258,1363.5202,1248158,1377.0204
